"id";"year";"portfolio_name";"product_code";"ifrs17_group";"if_status";"exit_status";"actual_premium_receipt";"premium_debtors";"premium_refund";"commission_paid";"reinsurance_premium";"reinstatement_premium";"reinsurance_recovery";"provisional_commission";"case_estimate";"claims_paid"
43;2022;"GroupBusiness";"GLA_001";"GLA_202112N";"NB";"NULL";600000.0;0.0;0.0;60000.0;240000.0;0.0;4000.0;60000.0;20000.0;0.0
44;2022;"GroupBusiness";"HC_001";"HC_202112N";"NB";"NULL";0.0;0.0;0.0;0.0;0.0;0.0;0.0;0.0;0.0;0.0
45;2022;"GroupBusiness";"Mot_TPL";"Mot_TPL_2021O";"NB";"NULL";10000.0;0.0;0.0;1000.0;0.0;0.0;0.0;1000.0;2000.0;0.0
46;2022;"GroupBusiness";"Mot_TPL";"Mot_TPL_2021N";"NB";"NULL";10000.0;0.0;0.0;1000.0;0.0;0.0;0.0;1000.0;2000.0;0.0
47;2022;"GroupBusiness";"Mot_TPL";"Mot_TPL_2021R";"NB";"NULL";10000.0;0.0;0.0;1000.0;0.0;0.0;0.0;1000.0;2000.0;0.0
48;2022;"GroupBusiness";"Mot_Comp";"Mot_Comp_2021N";"NB";"NULL";10000.0;0.0;0.0;1000.0;0.0;0.0;0.0;1000.0;2000.0;0.0
49;2022;"GroupBusiness";"Mot_Comp";"Mot_Comp_2021O";"NB";"NULL";10000.0;0.0;0.0;1000.0;0.0;0.0;0.0;1000.0;2000.0;0.0
50;2022;"GroupBusiness";"Mot_Comp";"Mot_Comp_2021R";"NB";"NULL";10000.0;0.0;0.0;1000.0;0.0;0.0;0.0;1000.0;2000.0;0.0
51;2022;"GroupBusiness";"Medical";"Medical_2021N";"NB";"NULL";10000.0;0.0;0.0;1000.0;0.0;0.0;0.0;1000.0;2000.0;0.0
52;2022;"GroupBusiness";"Medical";"Medical_2021O";"NB";"NULL";10000.0;0.0;0.0;1000.0;0.0;0.0;0.0;1000.0;2000.0;0.0
53;2022;"GroupBusiness";"Medical";"Medical_2021R";"NB";"NULL";10000.0;0.0;0.0;1000.0;0.0;0.0;0.0;1000.0;2000.0;0.0
54;2022;"GroupBusiness";"Engineering";"Engineering_2021N";"NB";"NULL";10000.0;0.0;0.0;2000.0;0.0;0.0;0.0;2000.0;2000.0;0.0
55;2022;"GroupBusiness";"Engineering";"Engineering_2021O";"NB";"NULL";10000.0;0.0;0.0;2000.0;0.0;0.0;0.0;2000.0;2000.0;0.0
56;2022;"GroupBusiness";"Engineering";"Engineering_2021R";"NB";"NULL";10000.0;0.0;0.0;2000.0;0.0;0.0;0.0;2000.0;2000.0;0.0
77;2022;"Test";"Test_pot";"Test_pot_O";"IF";"NULL";249000.0;0.0;0.0;12450.0;0.0;0.0;0.0;0.0;0.0;0.0
78;2022;"Test";"Test_pot";"Test_pot_N";"IF";"NULL";249000.0;0.0;0.0;12450.0;0.0;0.0;0.0;0.0;0.0;0.0
79;2022;"Test";"Test_pot";"Test_pot_R";"IF";"NULL";249000.0;0.0;0.0;12450.0;0.0;0.0;0.0;0.0;0.0;0.0
80;2022;"Test";"Test_lin";"Test_lin_O";"IF";"NULL";249000.0;0.0;0.0;12450.0;0.0;0.0;0.0;0.0;0.0;0.0
81;2022;"Test";"Test_lin";"Test_lin_N";"IF";"NULL";249000.0;0.0;0.0;12450.0;0.0;0.0;0.0;0.0;0.0;0.0
82;2022;"Test";"Test_lin";"Test_lin_R";"IF";"NULL";249000.0;0.0;0.0;12450.0;0.0;0.0;0.0;0.0;0.0;0.0
83;2021;"Test";"Test_pot";"Test_pot_O_1";"IF";"NULL";250.0;0.0;0.0;25.0;0.0;0.0;0.0;0.0;0.0;0.0
84;2021;"Test";"Test_pot";"Test_pot_O_2";"IF";"NULL";500.0;0.0;0.0;50.0;0.0;0.0;0.0;0.0;0.0;0.0
85;2021;"Test";"Test_pot";"Test_pot_O_3";"IF";"NULL";750.0;0.0;0.0;75.0;0.0;0.0;0.0;0.0;0.0;0.0
86;2021;"Test";"Test_pot";"Test_pot_O_4";"IF";"NULL";1000.0;0.0;0.0;100.0;0.0;0.0;0.0;0.0;0.0;0.0
87;2021;"Test";"Test_pot";"Test_pot_O_5";"IF";"NULL";1000.0;0.0;0.0;100.0;0.0;0.0;0.0;0.0;0.0;0.0
88;2021;"Test";"Test_pot";"Test_pot_O_6";"IF";"NULL";1000.0;0.0;0.0;100.0;0.0;0.0;0.0;0.0;0.0;0.0
89;2021;"Test";"Test_pot";"Test_pot_O_7";"IF";"NULL";1000.0;0.0;0.0;100.0;0.0;0.0;0.0;0.0;0.0;0.0
90;2021;"Test";"Test_pot";"Test_pot_O_8";"IF";"NULL";1000.0;0.0;0.0;100.0;0.0;0.0;0.0;0.0;0.0;0.0
91;2021;"Test";"Test_pot";"Test_pot_O_9";"IF";"NULL";1000.0;0.0;0.0;100.0;0.0;0.0;0.0;0.0;0.0;0.0
92;2021;"Test";"Test_pot";"Test_pot_O_10";"IF";"NULL";1000.0;0.0;0.0;100.0;0.0;0.0;0.0;0.0;0.0;0.0
93;2021;"Test";"Test_pot";"Test_pot_O_11";"IF";"NULL";1000.0;0.0;0.0;100.0;0.0;0.0;0.0;0.0;0.0;0.0
94;2021;"Test";"Test_pot";"Test_pot_O_12";"IF";"NULL";1000.0;0.0;0.0;100.0;0.0;0.0;0.0;0.0;0.0;0.0
95;2021;"Test";"Test_pot";"Test_pot_O_13";"IF";"NULL";1000.0;0.0;0.0;100.0;0.0;0.0;0.0;0.0;0.0;0.0
96;2021;"Test";"Test_pot";"Test_pot_O_14";"IF";"NULL";1000.0;0.0;0.0;100.0;0.0;0.0;0.0;0.0;0.0;0.0
97;2021;"Test";"Test_pot";"Test_pot_O_15";"IF";"NULL";1000.0;0.0;0.0;100.0;0.0;0.0;0.0;0.0;0.0;0.0
98;2021;"Test";"Test_pot";"Test_pot_O_16";"IF";"NULL";1000.0;0.0;0.0;100.0;0.0;0.0;0.0;0.0;0.0;0.0
99;2021;"Test";"Test_pot";"Test_pot_O_17";"IF";"NULL";1000.0;0.0;0.0;100.0;0.0;0.0;0.0;0.0;0.0;0.0
100;2021;"Test";"Test_pot";"Test_pot_O_18";"IF";"NULL";1000.0;0.0;0.0;100.0;0.0;0.0;0.0;0.0;0.0;0.0
101;2021;"Test";"Test_pot";"Test_pot_O_19";"IF";"NULL";1000.0;0.0;0.0;100.0;0.0;0.0;0.0;0.0;0.0;0.0
102;2021;"Test";"Test_pot";"Test_pot_O_20";"IF";"NULL";1000.0;0.0;0.0;100.0;0.0;0.0;0.0;0.0;0.0;0.0
103;2021;"Test";"Test_pot";"Test_pot_O_21";"IF";"NULL";1000.0;0.0;0.0;100.0;0.0;0.0;0.0;0.0;0.0;0.0
104;2021;"Test";"Test_pot";"Test_pot_O_22";"IF";"NULL";1000.0;0.0;0.0;100.0;0.0;0.0;0.0;0.0;0.0;0.0
105;2021;"Test";"Test_pot";"Test_pot_O_23";"IF";"NULL";1000.0;0.0;0.0;100.0;0.0;0.0;0.0;0.0;0.0;0.0
106;2021;"Test";"Test_pot";"Test_pot_O_24";"IF";"NULL";1000.0;0.0;0.0;100.0;0.0;0.0;0.0;0.0;0.0;0.0
107;2021;"Test";"Test_pot";"Test_pot_O_25";"IF";"NULL";1000.0;0.0;0.0;100.0;0.0;0.0;0.0;0.0;0.0;0.0
108;2021;"Test";"Test_pot";"Test_pot_O_26";"IF";"NULL";1000.0;0.0;0.0;100.0;0.0;0.0;0.0;0.0;0.0;0.0
109;2021;"Test";"Test_pot";"Test_pot_O_27";"IF";"NULL";1000.0;0.0;0.0;100.0;0.0;0.0;0.0;0.0;0.0;0.0
110;2021;"Test";"Test_pot";"Test_pot_O_28";"IF";"NULL";1000.0;0.0;0.0;100.0;0.0;0.0;0.0;0.0;0.0;0.0
111;2021;"Test";"Test_pot";"Test_pot_O_29";"IF";"NULL";1000.0;0.0;0.0;100.0;0.0;0.0;0.0;0.0;0.0;0.0
112;2021;"Test";"Test_pot";"Test_pot_O_30";"IF";"NULL";1000.0;0.0;0.0;100.0;0.0;0.0;0.0;0.0;0.0;0.0
113;2021;"Test";"Test_pot";"Test_pot_O_31";"IF";"NULL";1000.0;0.0;0.0;100.0;0.0;0.0;0.0;0.0;0.0;0.0
114;2021;"Test";"Test_pot";"Test_pot_O_32";"IF";"NULL";1000.0;0.0;0.0;100.0;0.0;0.0;0.0;0.0;0.0;0.0
115;2021;"Test";"Test_pot";"Test_pot_O_33";"IF";"NULL";1000.0;0.0;0.0;100.0;0.0;0.0;0.0;0.0;0.0;0.0
116;2021;"Test";"Test_pot";"Test_pot_O_34";"IF";"NULL";1000.0;0.0;0.0;100.0;0.0;0.0;0.0;0.0;0.0;0.0
117;2021;"Test";"Test_pot";"Test_pot_O_35";"IF";"NULL";1000.0;0.0;0.0;100.0;0.0;0.0;0.0;0.0;0.0;0.0
118;2021;"Test";"Test_pot";"Test_pot_O_36";"IF";"NULL";1000.0;0.0;0.0;100.0;0.0;0.0;0.0;0.0;0.0;0.0
119;2021;"Test";"Test_pot";"Test_pot_O_37";"IF";"NULL";250.0;0.0;0.0;25.0;0.0;0.0;0.0;0.0;0.0;0.0
120;2021;"Test";"Test_pot";"Test_pot_O_38";"IF";"NULL";500.0;0.0;0.0;50.0;0.0;0.0;0.0;0.0;0.0;0.0
121;2021;"Test";"Test_pot";"Test_pot_O_39";"IF";"NULL";750.0;0.0;0.0;75.0;0.0;0.0;0.0;0.0;0.0;0.0
122;2021;"Test";"Test_pot";"Test_pot_O_40";"IF";"NULL";1000.0;0.0;0.0;100.0;0.0;0.0;0.0;0.0;0.0;0.0
123;2021;"Test";"Test_pot";"Test_pot_O_41";"IF";"NULL";1000.0;0.0;0.0;100.0;0.0;0.0;0.0;0.0;0.0;0.0
124;2021;"Test";"Test_pot";"Test_pot_O_42";"IF";"NULL";1000.0;0.0;0.0;100.0;0.0;0.0;0.0;0.0;0.0;0.0
125;2021;"Test";"Test_pot";"Test_pot_O_43";"IF";"NULL";1000.0;0.0;0.0;100.0;0.0;0.0;0.0;0.0;0.0;0.0
126;2021;"Test";"Test_pot";"Test_pot_O_44";"IF";"NULL";1000.0;0.0;0.0;100.0;0.0;0.0;0.0;0.0;0.0;0.0
127;2021;"Test";"Test_pot";"Test_pot_O_45";"IF";"NULL";1000.0;0.0;0.0;100.0;0.0;0.0;0.0;0.0;0.0;0.0
128;2021;"Test";"Test_pot";"Test_pot_O_46";"IF";"NULL";1000.0;0.0;0.0;100.0;0.0;0.0;0.0;0.0;0.0;0.0
129;2021;"Test";"Test_pot";"Test_pot_O_47";"IF";"NULL";1000.0;0.0;0.0;100.0;0.0;0.0;0.0;0.0;0.0;0.0
130;2021;"Test";"Test_pot";"Test_pot_O_48";"IF";"NULL";1000.0;0.0;0.0;100.0;0.0;0.0;0.0;0.0;0.0;0.0
131;2021;"Test";"Test_pot";"Test_pot_O_49";"IF";"NULL";1000.0;0.0;0.0;100.0;0.0;0.0;0.0;0.0;0.0;0.0
132;2021;"Test";"Test_pot";"Test_pot_O_50";"IF";"NULL";1000.0;0.0;0.0;100.0;0.0;0.0;0.0;0.0;0.0;0.0
133;2021;"Test";"Test_pot";"Test_pot_O_51";"IF";"NULL";1000.0;0.0;0.0;100.0;0.0;0.0;0.0;0.0;0.0;0.0
134;2021;"Test";"Test_pot";"Test_pot_O_52";"IF";"NULL";1000.0;0.0;0.0;100.0;0.0;0.0;0.0;0.0;0.0;0.0
135;2021;"Test";"Test_pot";"Test_pot_O_53";"IF";"NULL";1000.0;0.0;0.0;100.0;0.0;0.0;0.0;0.0;0.0;0.0
136;2021;"Test";"Test_pot";"Test_pot_O_54";"IF";"NULL";1000.0;0.0;0.0;100.0;0.0;0.0;0.0;0.0;0.0;0.0
137;2021;"Test";"Test_pot";"Test_pot_O_55";"IF";"NULL";1000.0;0.0;0.0;100.0;0.0;0.0;0.0;0.0;0.0;0.0
138;2021;"Test";"Test_pot";"Test_pot_O_56";"IF";"NULL";1000.0;0.0;0.0;100.0;0.0;0.0;0.0;0.0;0.0;0.0
139;2021;"Test";"Test_pot";"Test_pot_O_57";"IF";"NULL";1000.0;0.0;0.0;100.0;0.0;0.0;0.0;0.0;0.0;0.0
140;2021;"Test";"Test_pot";"Test_pot_O_58";"IF";"NULL";1000.0;0.0;0.0;100.0;0.0;0.0;0.0;0.0;0.0;0.0
141;2021;"Test";"Test_pot";"Test_pot_O_59";"IF";"NULL";1000.0;0.0;0.0;100.0;0.0;0.0;0.0;0.0;0.0;0.0
142;2021;"Test";"Test_pot";"Test_pot_O_60";"IF";"NULL";1000.0;0.0;0.0;100.0;0.0;0.0;0.0;0.0;0.0;0.0
143;2021;"Test";"Test_pot";"Test_pot_O_61";"IF";"NULL";1000.0;0.0;0.0;100.0;0.0;0.0;0.0;0.0;0.0;0.0
144;2021;"Test";"Test_pot";"Test_pot_O_62";"IF";"NULL";1000.0;0.0;0.0;100.0;0.0;0.0;0.0;0.0;0.0;0.0
145;2021;"Test";"Test_pot";"Test_pot_O_63";"IF";"NULL";1000.0;0.0;0.0;100.0;0.0;0.0;0.0;0.0;0.0;0.0
146;2021;"Test";"Test_pot";"Test_pot_O_64";"IF";"NULL";1000.0;0.0;0.0;100.0;0.0;0.0;0.0;0.0;0.0;0.0
147;2021;"Test";"Test_pot";"Test_pot_O_65";"IF";"NULL";1000.0;0.0;0.0;100.0;0.0;0.0;0.0;0.0;0.0;0.0
148;2021;"Test";"Test_pot";"Test_pot_O_66";"IF";"NULL";1000.0;0.0;0.0;100.0;0.0;0.0;0.0;0.0;0.0;0.0
149;2021;"Test";"Test_pot";"Test_pot_O_67";"IF";"NULL";1000.0;0.0;0.0;100.0;0.0;0.0;0.0;0.0;0.0;0.0
150;2021;"Test";"Test_pot";"Test_pot_O_68";"IF";"NULL";1000.0;0.0;0.0;100.0;0.0;0.0;0.0;0.0;0.0;0.0
151;2021;"Test";"Test_pot";"Test_pot_O_69";"IF";"NULL";1000.0;0.0;0.0;100.0;0.0;0.0;0.0;0.0;0.0;0.0
152;2021;"Test";"Test_pot";"Test_pot_O_70";"IF";"NULL";1000.0;0.0;0.0;100.0;0.0;0.0;0.0;0.0;0.0;0.0
153;2021;"Test";"Test_pot";"Test_pot_O_71";"IF";"NULL";1000.0;0.0;0.0;100.0;0.0;0.0;0.0;0.0;0.0;0.0
154;2021;"Test";"Test_pot";"Test_pot_O_72";"IF";"NULL";1000.0;0.0;0.0;100.0;0.0;0.0;0.0;0.0;0.0;0.0
155;2021;"Test";"Test_pot";"Test_pot_O_73";"IF";"NULL";250.0;0.0;0.0;25.0;0.0;0.0;0.0;0.0;0.0;0.0
156;2021;"Test";"Test_pot";"Test_pot_O_74";"IF";"NULL";500.0;0.0;0.0;50.0;0.0;0.0;0.0;0.0;0.0;0.0
157;2021;"Test";"Test_pot";"Test_pot_O_75";"IF";"NULL";750.0;0.0;0.0;75.0;0.0;0.0;0.0;0.0;0.0;0.0
158;2021;"Test";"Test_pot";"Test_pot_O_76";"IF";"NULL";1000.0;0.0;0.0;100.0;0.0;0.0;0.0;0.0;0.0;0.0
159;2021;"Test";"Test_pot";"Test_pot_O_77";"IF";"NULL";1000.0;0.0;0.0;100.0;0.0;0.0;0.0;0.0;0.0;0.0
160;2021;"Test";"Test_pot";"Test_pot_O_78";"IF";"NULL";1000.0;0.0;0.0;100.0;0.0;0.0;0.0;0.0;0.0;0.0
161;2021;"Test";"Test_pot";"Test_pot_O_79";"IF";"NULL";1000.0;0.0;0.0;100.0;0.0;0.0;0.0;0.0;0.0;0.0
162;2021;"Test";"Test_pot";"Test_pot_O_80";"IF";"NULL";1000.0;0.0;0.0;100.0;0.0;0.0;0.0;0.0;0.0;0.0
163;2021;"Test";"Test_pot";"Test_pot_O_81";"IF";"NULL";1000.0;0.0;0.0;100.0;0.0;0.0;0.0;0.0;0.0;0.0
164;2021;"Test";"Test_pot";"Test_pot_O_82";"IF";"NULL";1000.0;0.0;0.0;100.0;0.0;0.0;0.0;0.0;0.0;0.0
165;2021;"Test";"Test_pot";"Test_pot_O_83";"IF";"NULL";1000.0;0.0;0.0;100.0;0.0;0.0;0.0;0.0;0.0;0.0
166;2021;"Test";"Test_pot";"Test_pot_O_84";"IF";"NULL";1000.0;0.0;0.0;100.0;0.0;0.0;0.0;0.0;0.0;0.0
167;2021;"Test";"Test_pot";"Test_pot_O_85";"IF";"NULL";1000.0;0.0;0.0;100.0;0.0;0.0;0.0;0.0;0.0;0.0
168;2021;"Test";"Test_pot";"Test_pot_O_86";"IF";"NULL";1000.0;0.0;0.0;100.0;0.0;0.0;0.0;0.0;0.0;0.0
169;2021;"Test";"Test_pot";"Test_pot_O_87";"IF";"NULL";1000.0;0.0;0.0;100.0;0.0;0.0;0.0;0.0;0.0;0.0
170;2021;"Test";"Test_pot";"Test_pot_O_88";"IF";"NULL";1000.0;0.0;0.0;100.0;0.0;0.0;0.0;0.0;0.0;0.0
171;2021;"Test";"Test_pot";"Test_pot_O_89";"IF";"NULL";1000.0;0.0;0.0;100.0;0.0;0.0;0.0;0.0;0.0;0.0
172;2021;"Test";"Test_pot";"Test_pot_O_90";"IF";"NULL";1000.0;0.0;0.0;100.0;0.0;0.0;0.0;0.0;0.0;0.0
173;2021;"Test";"Test_pot";"Test_pot_O_91";"IF";"NULL";1000.0;0.0;0.0;100.0;0.0;0.0;0.0;0.0;0.0;0.0
174;2021;"Test";"Test_pot";"Test_pot_O_92";"IF";"NULL";1000.0;0.0;0.0;100.0;0.0;0.0;0.0;0.0;0.0;0.0
175;2021;"Test";"Test_pot";"Test_pot_O_93";"IF";"NULL";1000.0;0.0;0.0;100.0;0.0;0.0;0.0;0.0;0.0;0.0
176;2021;"Test";"Test_pot";"Test_pot_O_94";"IF";"NULL";1000.0;0.0;0.0;100.0;0.0;0.0;0.0;0.0;0.0;0.0
177;2021;"Test";"Test_pot";"Test_pot_O_95";"IF";"NULL";1000.0;0.0;0.0;100.0;0.0;0.0;0.0;0.0;0.0;0.0
178;2021;"Test";"Test_pot";"Test_pot_O_96";"IF";"NULL";1000.0;0.0;0.0;100.0;0.0;0.0;0.0;0.0;0.0;0.0
179;2021;"Test";"Test_pot";"Test_pot_O_97";"IF";"NULL";1000.0;0.0;0.0;100.0;0.0;0.0;0.0;0.0;0.0;0.0
180;2021;"Test";"Test_pot";"Test_pot_O_98";"IF";"NULL";1000.0;0.0;0.0;100.0;0.0;0.0;0.0;0.0;0.0;0.0
181;2021;"Test";"Test_pot";"Test_pot_O_99";"IF";"NULL";1000.0;0.0;0.0;100.0;0.0;0.0;0.0;0.0;0.0;0.0
182;2021;"Test";"Test_pot";"Test_pot_O_100";"IF";"NULL";1000.0;0.0;0.0;100.0;0.0;0.0;0.0;0.0;0.0;0.0
183;2021;"Test";"Test_pot";"Test_pot_O_101";"IF";"NULL";1000.0;0.0;0.0;100.0;0.0;0.0;0.0;0.0;0.0;0.0
184;2021;"Test";"Test_pot";"Test_pot_O_102";"IF";"NULL";1000.0;0.0;0.0;100.0;0.0;0.0;0.0;0.0;0.0;0.0
185;2021;"Test";"Test_pot";"Test_pot_O_103";"IF";"NULL";1000.0;0.0;0.0;100.0;0.0;0.0;0.0;0.0;0.0;0.0
186;2021;"Test";"Test_pot";"Test_pot_O_104";"IF";"NULL";1000.0;0.0;0.0;100.0;0.0;0.0;0.0;0.0;0.0;0.0
187;2021;"Test";"Test_pot";"Test_pot_O_105";"IF";"NULL";1000.0;0.0;0.0;100.0;0.0;0.0;0.0;0.0;0.0;0.0
188;2021;"Test";"Test_pot";"Test_pot_O_106";"IF";"NULL";1000.0;0.0;0.0;100.0;0.0;0.0;0.0;0.0;0.0;0.0
189;2021;"Test";"Test_pot";"Test_pot_O_107";"IF";"NULL";1000.0;0.0;0.0;100.0;0.0;0.0;0.0;0.0;0.0;0.0
190;2021;"Test";"Test_pot";"Test_pot_O_108";"IF";"NULL";1000.0;0.0;0.0;100.0;0.0;0.0;0.0;0.0;0.0;0.0
191;2021;"Test";"Test_pot";"Test_pot_O_109";"IF";"NULL";250.0;0.0;0.0;25.0;0.0;0.0;0.0;0.0;0.0;0.0
192;2021;"Test";"Test_pot";"Test_pot_O_110";"IF";"NULL";500.0;0.0;0.0;50.0;0.0;0.0;0.0;0.0;0.0;0.0
193;2021;"Test";"Test_pot";"Test_pot_O_111";"IF";"NULL";750.0;0.0;0.0;75.0;0.0;0.0;0.0;0.0;0.0;0.0
194;2021;"Test";"Test_pot";"Test_pot_O_112";"IF";"NULL";1000.0;0.0;0.0;100.0;0.0;0.0;0.0;0.0;0.0;0.0
195;2021;"Test";"Test_pot";"Test_pot_O_113";"IF";"NULL";1000.0;0.0;0.0;100.0;0.0;0.0;0.0;0.0;0.0;0.0
196;2021;"Test";"Test_pot";"Test_pot_O_114";"IF";"NULL";1000.0;0.0;0.0;100.0;0.0;0.0;0.0;0.0;0.0;0.0
197;2021;"Test";"Test_pot";"Test_pot_O_115";"IF";"NULL";1000.0;0.0;0.0;100.0;0.0;0.0;0.0;0.0;0.0;0.0
198;2021;"Test";"Test_pot";"Test_pot_O_116";"IF";"NULL";1000.0;0.0;0.0;100.0;0.0;0.0;0.0;0.0;0.0;0.0
199;2021;"Test";"Test_pot";"Test_pot_O_117";"IF";"NULL";1000.0;0.0;0.0;100.0;0.0;0.0;0.0;0.0;0.0;0.0
200;2021;"Test";"Test_pot";"Test_pot_O_118";"IF";"NULL";1000.0;0.0;0.0;100.0;0.0;0.0;0.0;0.0;0.0;0.0
201;2021;"Test";"Test_pot";"Test_pot_O_119";"IF";"NULL";1000.0;0.0;0.0;100.0;0.0;0.0;0.0;0.0;0.0;0.0
202;2021;"Test";"Test_pot";"Test_pot_O_120";"IF";"NULL";1000.0;0.0;0.0;100.0;0.0;0.0;0.0;0.0;0.0;0.0
203;2021;"Test";"Test_pot";"Test_pot_O_121";"IF";"NULL";1000.0;0.0;0.0;100.0;0.0;0.0;0.0;0.0;0.0;0.0
204;2021;"Test";"Test_pot";"Test_pot_O_122";"IF";"NULL";1000.0;0.0;0.0;100.0;0.0;0.0;0.0;0.0;0.0;0.0
205;2021;"Test";"Test_pot";"Test_pot_O_123";"IF";"NULL";1000.0;0.0;0.0;100.0;0.0;0.0;0.0;0.0;0.0;0.0
206;2021;"Test";"Test_pot";"Test_pot_O_124";"IF";"NULL";1000.0;0.0;0.0;100.0;0.0;0.0;0.0;0.0;0.0;0.0
207;2021;"Test";"Test_pot";"Test_pot_O_125";"IF";"NULL";1000.0;0.0;0.0;100.0;0.0;0.0;0.0;0.0;0.0;0.0
208;2021;"Test";"Test_pot";"Test_pot_O_126";"IF";"NULL";1000.0;0.0;0.0;100.0;0.0;0.0;0.0;0.0;0.0;0.0
209;2021;"Test";"Test_pot";"Test_pot_O_127";"IF";"NULL";1000.0;0.0;0.0;100.0;0.0;0.0;0.0;0.0;0.0;0.0
210;2021;"Test";"Test_pot";"Test_pot_O_128";"IF";"NULL";1000.0;0.0;0.0;100.0;0.0;0.0;0.0;0.0;0.0;0.0
211;2021;"Test";"Test_pot";"Test_pot_O_129";"IF";"NULL";1000.0;0.0;0.0;100.0;0.0;0.0;0.0;0.0;0.0;0.0
212;2021;"Test";"Test_pot";"Test_pot_O_130";"IF";"NULL";1000.0;0.0;0.0;100.0;0.0;0.0;0.0;0.0;0.0;0.0
213;2021;"Test";"Test_pot";"Test_pot_O_131";"IF";"NULL";1000.0;0.0;0.0;100.0;0.0;0.0;0.0;0.0;0.0;0.0
214;2021;"Test";"Test_pot";"Test_pot_O_132";"IF";"NULL";1000.0;0.0;0.0;100.0;0.0;0.0;0.0;0.0;0.0;0.0
215;2021;"Test";"Test_pot";"Test_pot_O_133";"IF";"NULL";1000.0;0.0;0.0;100.0;0.0;0.0;0.0;0.0;0.0;0.0
216;2021;"Test";"Test_pot";"Test_pot_O_134";"IF";"NULL";1000.0;0.0;0.0;100.0;0.0;0.0;0.0;0.0;0.0;0.0
217;2021;"Test";"Test_pot";"Test_pot_O_135";"IF";"NULL";1000.0;0.0;0.0;100.0;0.0;0.0;0.0;0.0;0.0;0.0
218;2021;"Test";"Test_pot";"Test_pot_O_136";"IF";"NULL";1000.0;0.0;0.0;100.0;0.0;0.0;0.0;0.0;0.0;0.0
219;2021;"Test";"Test_pot";"Test_pot_O_137";"IF";"NULL";1000.0;0.0;0.0;100.0;0.0;0.0;0.0;0.0;0.0;0.0
220;2021;"Test";"Test_pot";"Test_pot_O_138";"IF";"NULL";1000.0;0.0;0.0;100.0;0.0;0.0;0.0;0.0;0.0;0.0
221;2021;"Test";"Test_pot";"Test_pot_O_139";"IF";"NULL";1000.0;0.0;0.0;100.0;0.0;0.0;0.0;0.0;0.0;0.0
222;2021;"Test";"Test_pot";"Test_pot_O_140";"IF";"NULL";1000.0;0.0;0.0;100.0;0.0;0.0;0.0;0.0;0.0;0.0
223;2021;"Test";"Test_pot";"Test_pot_O_141";"IF";"NULL";1000.0;0.0;0.0;100.0;0.0;0.0;0.0;0.0;0.0;0.0
224;2021;"Test";"Test_pot";"Test_pot_O_142";"IF";"NULL";1000.0;0.0;0.0;100.0;0.0;0.0;0.0;0.0;0.0;0.0
225;2021;"Test";"Test_pot";"Test_pot_O_143";"IF";"NULL";1000.0;0.0;0.0;100.0;0.0;0.0;0.0;0.0;0.0;0.0
226;2021;"Test";"Test_pot";"Test_pot_O_144";"IF";"NULL";1000.0;0.0;0.0;100.0;0.0;0.0;0.0;0.0;0.0;0.0
227;2021;"Test";"Test_pot";"Test_pot_N_145";"IF";"NULL";250.0;0.0;0.0;25.0;0.0;0.0;0.0;0.0;0.0;0.0
228;2021;"Test";"Test_pot";"Test_pot_N_146";"IF";"NULL";500.0;0.0;0.0;50.0;0.0;0.0;0.0;0.0;0.0;0.0
229;2021;"Test";"Test_pot";"Test_pot_N_147";"IF";"NULL";750.0;0.0;0.0;75.0;0.0;0.0;0.0;0.0;0.0;0.0
230;2021;"Test";"Test_pot";"Test_pot_N_148";"IF";"NULL";1000.0;0.0;0.0;100.0;0.0;0.0;0.0;0.0;0.0;0.0
231;2021;"Test";"Test_pot";"Test_pot_N_149";"IF";"NULL";1000.0;0.0;0.0;100.0;0.0;0.0;0.0;0.0;0.0;0.0
232;2021;"Test";"Test_pot";"Test_pot_N_150";"IF";"NULL";1000.0;0.0;0.0;100.0;0.0;0.0;0.0;0.0;0.0;0.0
233;2021;"Test";"Test_pot";"Test_pot_N_151";"IF";"NULL";1000.0;0.0;0.0;100.0;0.0;0.0;0.0;0.0;0.0;0.0
234;2021;"Test";"Test_pot";"Test_pot_N_152";"IF";"NULL";1000.0;0.0;0.0;100.0;0.0;0.0;0.0;0.0;0.0;0.0
235;2021;"Test";"Test_pot";"Test_pot_N_153";"IF";"NULL";1000.0;0.0;0.0;100.0;0.0;0.0;0.0;0.0;0.0;0.0
236;2021;"Test";"Test_pot";"Test_pot_N_154";"IF";"NULL";1000.0;0.0;0.0;100.0;0.0;0.0;0.0;0.0;0.0;0.0
237;2021;"Test";"Test_pot";"Test_pot_N_155";"IF";"NULL";1000.0;0.0;0.0;100.0;0.0;0.0;0.0;0.0;0.0;0.0
238;2021;"Test";"Test_pot";"Test_pot_N_156";"IF";"NULL";1000.0;0.0;0.0;100.0;0.0;0.0;0.0;0.0;0.0;0.0
239;2021;"Test";"Test_pot";"Test_pot_N_157";"IF";"NULL";1000.0;0.0;0.0;100.0;0.0;0.0;0.0;0.0;0.0;0.0
240;2021;"Test";"Test_pot";"Test_pot_N_158";"IF";"NULL";1000.0;0.0;0.0;100.0;0.0;0.0;0.0;0.0;0.0;0.0
241;2021;"Test";"Test_pot";"Test_pot_N_159";"IF";"NULL";1000.0;0.0;0.0;100.0;0.0;0.0;0.0;0.0;0.0;0.0
242;2021;"Test";"Test_pot";"Test_pot_N_160";"IF";"NULL";1000.0;0.0;0.0;100.0;0.0;0.0;0.0;0.0;0.0;0.0
243;2021;"Test";"Test_pot";"Test_pot_N_161";"IF";"NULL";1000.0;0.0;0.0;100.0;0.0;0.0;0.0;0.0;0.0;0.0
244;2021;"Test";"Test_pot";"Test_pot_N_162";"IF";"NULL";1000.0;0.0;0.0;100.0;0.0;0.0;0.0;0.0;0.0;0.0
245;2021;"Test";"Test_pot";"Test_pot_N_163";"IF";"NULL";1000.0;0.0;0.0;100.0;0.0;0.0;0.0;0.0;0.0;0.0
246;2021;"Test";"Test_pot";"Test_pot_N_164";"IF";"NULL";1000.0;0.0;0.0;100.0;0.0;0.0;0.0;0.0;0.0;0.0
247;2021;"Test";"Test_pot";"Test_pot_N_165";"IF";"NULL";1000.0;0.0;0.0;100.0;0.0;0.0;0.0;0.0;0.0;0.0
248;2021;"Test";"Test_pot";"Test_pot_N_166";"IF";"NULL";1000.0;0.0;0.0;100.0;0.0;0.0;0.0;0.0;0.0;0.0
249;2021;"Test";"Test_pot";"Test_pot_N_167";"IF";"NULL";1000.0;0.0;0.0;100.0;0.0;0.0;0.0;0.0;0.0;0.0
250;2021;"Test";"Test_pot";"Test_pot_N_168";"IF";"NULL";1000.0;0.0;0.0;100.0;0.0;0.0;0.0;0.0;0.0;0.0
251;2021;"Test";"Test_pot";"Test_pot_N_169";"IF";"NULL";1000.0;0.0;0.0;100.0;0.0;0.0;0.0;0.0;0.0;0.0
252;2021;"Test";"Test_pot";"Test_pot_N_170";"IF";"NULL";1000.0;0.0;0.0;100.0;0.0;0.0;0.0;0.0;0.0;0.0
253;2021;"Test";"Test_pot";"Test_pot_N_171";"IF";"NULL";1000.0;0.0;0.0;100.0;0.0;0.0;0.0;0.0;0.0;0.0
254;2021;"Test";"Test_pot";"Test_pot_N_172";"IF";"NULL";1000.0;0.0;0.0;100.0;0.0;0.0;0.0;0.0;0.0;0.0
255;2021;"Test";"Test_pot";"Test_pot_N_173";"IF";"NULL";1000.0;0.0;0.0;100.0;0.0;0.0;0.0;0.0;0.0;0.0
256;2021;"Test";"Test_pot";"Test_pot_N_174";"IF";"NULL";1000.0;0.0;0.0;100.0;0.0;0.0;0.0;0.0;0.0;0.0
257;2021;"Test";"Test_pot";"Test_pot_N_175";"IF";"NULL";1000.0;0.0;0.0;100.0;0.0;0.0;0.0;0.0;0.0;0.0
258;2021;"Test";"Test_pot";"Test_pot_N_176";"IF";"NULL";1000.0;0.0;0.0;100.0;0.0;0.0;0.0;0.0;0.0;0.0
259;2021;"Test";"Test_pot";"Test_pot_N_177";"IF";"NULL";1000.0;0.0;0.0;100.0;0.0;0.0;0.0;0.0;0.0;0.0
260;2021;"Test";"Test_pot";"Test_pot_N_178";"IF";"NULL";1000.0;0.0;0.0;100.0;0.0;0.0;0.0;0.0;0.0;0.0
261;2021;"Test";"Test_pot";"Test_pot_N_179";"IF";"NULL";1000.0;0.0;0.0;100.0;0.0;0.0;0.0;0.0;0.0;0.0
262;2021;"Test";"Test_pot";"Test_pot_N_180";"IF";"NULL";1000.0;0.0;0.0;100.0;0.0;0.0;0.0;0.0;0.0;0.0
263;2021;"Test";"Test_pot";"Test_pot_N_181";"IF";"NULL";250.0;0.0;0.0;25.0;0.0;0.0;0.0;0.0;0.0;0.0
264;2021;"Test";"Test_pot";"Test_pot_N_182";"IF";"NULL";500.0;0.0;0.0;50.0;0.0;0.0;0.0;0.0;0.0;0.0
265;2021;"Test";"Test_pot";"Test_pot_N_183";"IF";"NULL";750.0;0.0;0.0;75.0;0.0;0.0;0.0;0.0;0.0;0.0
266;2021;"Test";"Test_pot";"Test_pot_N_184";"IF";"NULL";1000.0;0.0;0.0;100.0;0.0;0.0;0.0;0.0;0.0;0.0
267;2021;"Test";"Test_pot";"Test_pot_N_185";"IF";"NULL";1000.0;0.0;0.0;100.0;0.0;0.0;0.0;0.0;0.0;0.0
268;2021;"Test";"Test_pot";"Test_pot_N_186";"IF";"NULL";1000.0;0.0;0.0;100.0;0.0;0.0;0.0;0.0;0.0;0.0
269;2021;"Test";"Test_pot";"Test_pot_N_187";"IF";"NULL";1000.0;0.0;0.0;100.0;0.0;0.0;0.0;0.0;0.0;0.0
270;2021;"Test";"Test_pot";"Test_pot_N_188";"IF";"NULL";1000.0;0.0;0.0;100.0;0.0;0.0;0.0;0.0;0.0;0.0
271;2021;"Test";"Test_pot";"Test_pot_N_189";"IF";"NULL";1000.0;0.0;0.0;100.0;0.0;0.0;0.0;0.0;0.0;0.0
272;2021;"Test";"Test_pot";"Test_pot_N_190";"IF";"NULL";1000.0;0.0;0.0;100.0;0.0;0.0;0.0;0.0;0.0;0.0
273;2021;"Test";"Test_pot";"Test_pot_N_191";"IF";"NULL";1000.0;0.0;0.0;100.0;0.0;0.0;0.0;0.0;0.0;0.0
274;2021;"Test";"Test_pot";"Test_pot_N_192";"IF";"NULL";1000.0;0.0;0.0;100.0;0.0;0.0;0.0;0.0;0.0;0.0
275;2021;"Test";"Test_pot";"Test_pot_N_193";"IF";"NULL";1000.0;0.0;0.0;100.0;0.0;0.0;0.0;0.0;0.0;0.0
276;2021;"Test";"Test_pot";"Test_pot_N_194";"IF";"NULL";1000.0;0.0;0.0;100.0;0.0;0.0;0.0;0.0;0.0;0.0
277;2021;"Test";"Test_pot";"Test_pot_N_195";"IF";"NULL";1000.0;0.0;0.0;100.0;0.0;0.0;0.0;0.0;0.0;0.0
278;2021;"Test";"Test_pot";"Test_pot_N_196";"IF";"NULL";1000.0;0.0;0.0;100.0;0.0;0.0;0.0;0.0;0.0;0.0
279;2021;"Test";"Test_pot";"Test_pot_N_197";"IF";"NULL";1000.0;0.0;0.0;100.0;0.0;0.0;0.0;0.0;0.0;0.0
280;2021;"Test";"Test_pot";"Test_pot_N_198";"IF";"NULL";1000.0;0.0;0.0;100.0;0.0;0.0;0.0;0.0;0.0;0.0
281;2021;"Test";"Test_pot";"Test_pot_N_199";"IF";"NULL";1000.0;0.0;0.0;100.0;0.0;0.0;0.0;0.0;0.0;0.0
282;2021;"Test";"Test_pot";"Test_pot_N_200";"IF";"NULL";1000.0;0.0;0.0;100.0;0.0;0.0;0.0;0.0;0.0;0.0
283;2021;"Test";"Test_pot";"Test_pot_N_201";"IF";"NULL";1000.0;0.0;0.0;100.0;0.0;0.0;0.0;0.0;0.0;0.0
284;2021;"Test";"Test_pot";"Test_pot_N_202";"IF";"NULL";1000.0;0.0;0.0;100.0;0.0;0.0;0.0;0.0;0.0;0.0
285;2021;"Test";"Test_pot";"Test_pot_N_203";"IF";"NULL";1000.0;0.0;0.0;100.0;0.0;0.0;0.0;0.0;0.0;0.0
286;2021;"Test";"Test_pot";"Test_pot_N_204";"IF";"NULL";1000.0;0.0;0.0;100.0;0.0;0.0;0.0;0.0;0.0;0.0
287;2021;"Test";"Test_pot";"Test_pot_N_205";"IF";"NULL";1000.0;0.0;0.0;100.0;0.0;0.0;0.0;0.0;0.0;0.0
288;2021;"Test";"Test_pot";"Test_pot_N_206";"IF";"NULL";1000.0;0.0;0.0;100.0;0.0;0.0;0.0;0.0;0.0;0.0
289;2021;"Test";"Test_pot";"Test_pot_N_207";"IF";"NULL";1000.0;0.0;0.0;100.0;0.0;0.0;0.0;0.0;0.0;0.0
290;2021;"Test";"Test_pot";"Test_pot_N_208";"IF";"NULL";1000.0;0.0;0.0;100.0;0.0;0.0;0.0;0.0;0.0;0.0
291;2021;"Test";"Test_pot";"Test_pot_N_209";"IF";"NULL";1000.0;0.0;0.0;100.0;0.0;0.0;0.0;0.0;0.0;0.0
292;2021;"Test";"Test_pot";"Test_pot_N_210";"IF";"NULL";1000.0;0.0;0.0;100.0;0.0;0.0;0.0;0.0;0.0;0.0
293;2021;"Test";"Test_pot";"Test_pot_N_211";"IF";"NULL";1000.0;0.0;0.0;100.0;0.0;0.0;0.0;0.0;0.0;0.0
294;2021;"Test";"Test_pot";"Test_pot_N_212";"IF";"NULL";1000.0;0.0;0.0;100.0;0.0;0.0;0.0;0.0;0.0;0.0
295;2021;"Test";"Test_pot";"Test_pot_N_213";"IF";"NULL";1000.0;0.0;0.0;100.0;0.0;0.0;0.0;0.0;0.0;0.0
296;2021;"Test";"Test_pot";"Test_pot_N_214";"IF";"NULL";1000.0;0.0;0.0;100.0;0.0;0.0;0.0;0.0;0.0;0.0
297;2021;"Test";"Test_pot";"Test_pot_N_215";"IF";"NULL";1000.0;0.0;0.0;100.0;0.0;0.0;0.0;0.0;0.0;0.0
298;2021;"Test";"Test_pot";"Test_pot_N_216";"IF";"NULL";1000.0;0.0;0.0;100.0;0.0;0.0;0.0;0.0;0.0;0.0
299;2021;"Test";"Test_pot";"Test_pot_N_217";"IF";"NULL";250.0;0.0;0.0;25.0;0.0;0.0;0.0;0.0;0.0;0.0
300;2021;"Test";"Test_pot";"Test_pot_N_218";"IF";"NULL";500.0;0.0;0.0;50.0;0.0;0.0;0.0;0.0;0.0;0.0
301;2021;"Test";"Test_pot";"Test_pot_N_219";"IF";"NULL";750.0;0.0;0.0;75.0;0.0;0.0;0.0;0.0;0.0;0.0
302;2021;"Test";"Test_pot";"Test_pot_N_220";"IF";"NULL";1000.0;0.0;0.0;100.0;0.0;0.0;0.0;0.0;0.0;0.0
303;2021;"Test";"Test_pot";"Test_pot_N_221";"IF";"NULL";1000.0;0.0;0.0;100.0;0.0;0.0;0.0;0.0;0.0;0.0
304;2021;"Test";"Test_pot";"Test_pot_N_222";"IF";"NULL";1000.0;0.0;0.0;100.0;0.0;0.0;0.0;0.0;0.0;0.0
305;2021;"Test";"Test_pot";"Test_pot_N_223";"IF";"NULL";1000.0;0.0;0.0;100.0;0.0;0.0;0.0;0.0;0.0;0.0
306;2021;"Test";"Test_pot";"Test_pot_N_224";"IF";"NULL";1000.0;0.0;0.0;100.0;0.0;0.0;0.0;0.0;0.0;0.0
307;2021;"Test";"Test_pot";"Test_pot_N_225";"IF";"NULL";1000.0;0.0;0.0;100.0;0.0;0.0;0.0;0.0;0.0;0.0
308;2021;"Test";"Test_pot";"Test_pot_N_226";"IF";"NULL";1000.0;0.0;0.0;100.0;0.0;0.0;0.0;0.0;0.0;0.0
309;2021;"Test";"Test_pot";"Test_pot_N_227";"IF";"NULL";1000.0;0.0;0.0;100.0;0.0;0.0;0.0;0.0;0.0;0.0
310;2021;"Test";"Test_pot";"Test_pot_N_228";"IF";"NULL";1000.0;0.0;0.0;100.0;0.0;0.0;0.0;0.0;0.0;0.0
311;2021;"Test";"Test_pot";"Test_pot_N_229";"IF";"NULL";1000.0;0.0;0.0;100.0;0.0;0.0;0.0;0.0;0.0;0.0
312;2021;"Test";"Test_pot";"Test_pot_N_230";"IF";"NULL";1000.0;0.0;0.0;100.0;0.0;0.0;0.0;0.0;0.0;0.0
313;2021;"Test";"Test_pot";"Test_pot_N_231";"IF";"NULL";1000.0;0.0;0.0;100.0;0.0;0.0;0.0;0.0;0.0;0.0
314;2021;"Test";"Test_pot";"Test_pot_N_232";"IF";"NULL";1000.0;0.0;0.0;100.0;0.0;0.0;0.0;0.0;0.0;0.0
315;2021;"Test";"Test_pot";"Test_pot_N_233";"IF";"NULL";1000.0;0.0;0.0;100.0;0.0;0.0;0.0;0.0;0.0;0.0
316;2021;"Test";"Test_pot";"Test_pot_N_234";"IF";"NULL";1000.0;0.0;0.0;100.0;0.0;0.0;0.0;0.0;0.0;0.0
317;2021;"Test";"Test_pot";"Test_pot_N_235";"IF";"NULL";1000.0;0.0;0.0;100.0;0.0;0.0;0.0;0.0;0.0;0.0
318;2021;"Test";"Test_pot";"Test_pot_N_236";"IF";"NULL";1000.0;0.0;0.0;100.0;0.0;0.0;0.0;0.0;0.0;0.0
319;2021;"Test";"Test_pot";"Test_pot_N_237";"IF";"NULL";1000.0;0.0;0.0;100.0;0.0;0.0;0.0;0.0;0.0;0.0
320;2021;"Test";"Test_pot";"Test_pot_N_238";"IF";"NULL";1000.0;0.0;0.0;100.0;0.0;0.0;0.0;0.0;0.0;0.0
321;2021;"Test";"Test_pot";"Test_pot_N_239";"IF";"NULL";1000.0;0.0;0.0;100.0;0.0;0.0;0.0;0.0;0.0;0.0
322;2021;"Test";"Test_pot";"Test_pot_N_240";"IF";"NULL";1000.0;0.0;0.0;100.0;0.0;0.0;0.0;0.0;0.0;0.0
323;2021;"Test";"Test_pot";"Test_pot_N_241";"IF";"NULL";1000.0;0.0;0.0;100.0;0.0;0.0;0.0;0.0;0.0;0.0
324;2021;"Test";"Test_pot";"Test_pot_N_242";"IF";"NULL";1000.0;0.0;0.0;100.0;0.0;0.0;0.0;0.0;0.0;0.0
325;2021;"Test";"Test_pot";"Test_pot_N_243";"IF";"NULL";1000.0;0.0;0.0;100.0;0.0;0.0;0.0;0.0;0.0;0.0
326;2021;"Test";"Test_pot";"Test_pot_N_244";"IF";"NULL";1000.0;0.0;0.0;100.0;0.0;0.0;0.0;0.0;0.0;0.0
327;2021;"Test";"Test_pot";"Test_pot_N_245";"IF";"NULL";1000.0;0.0;0.0;100.0;0.0;0.0;0.0;0.0;0.0;0.0
328;2021;"Test";"Test_pot";"Test_pot_N_246";"IF";"NULL";1000.0;0.0;0.0;100.0;0.0;0.0;0.0;0.0;0.0;0.0
329;2021;"Test";"Test_pot";"Test_pot_N_247";"IF";"NULL";1000.0;0.0;0.0;100.0;0.0;0.0;0.0;0.0;0.0;0.0
330;2021;"Test";"Test_pot";"Test_pot_N_248";"IF";"NULL";1000.0;0.0;0.0;100.0;0.0;0.0;0.0;0.0;0.0;0.0
331;2021;"Test";"Test_pot";"Test_pot_N_249";"IF";"NULL";1000.0;0.0;0.0;100.0;0.0;0.0;0.0;0.0;0.0;0.0
332;2021;"Test";"Test_pot";"Test_pot_N_250";"IF";"NULL";1000.0;0.0;0.0;100.0;0.0;0.0;0.0;0.0;0.0;0.0
333;2021;"Test";"Test_pot";"Test_pot_N_251";"IF";"NULL";1000.0;0.0;0.0;100.0;0.0;0.0;0.0;0.0;0.0;0.0
334;2021;"Test";"Test_pot";"Test_pot_N_252";"IF";"NULL";1000.0;0.0;0.0;100.0;0.0;0.0;0.0;0.0;0.0;0.0
335;2021;"Test";"Test_pot";"Test_pot_N_253";"IF";"NULL";250.0;0.0;0.0;25.0;0.0;0.0;0.0;0.0;0.0;0.0
336;2021;"Test";"Test_pot";"Test_pot_N_254";"IF";"NULL";500.0;0.0;0.0;50.0;0.0;0.0;0.0;0.0;0.0;0.0
337;2021;"Test";"Test_pot";"Test_pot_N_255";"IF";"NULL";750.0;0.0;0.0;75.0;0.0;0.0;0.0;0.0;0.0;0.0
338;2021;"Test";"Test_pot";"Test_pot_N_256";"IF";"NULL";1000.0;0.0;0.0;100.0;0.0;0.0;0.0;0.0;0.0;0.0
339;2021;"Test";"Test_pot";"Test_pot_N_257";"IF";"NULL";1000.0;0.0;0.0;100.0;0.0;0.0;0.0;0.0;0.0;0.0
340;2021;"Test";"Test_pot";"Test_pot_N_258";"IF";"NULL";1000.0;0.0;0.0;100.0;0.0;0.0;0.0;0.0;0.0;0.0
341;2021;"Test";"Test_pot";"Test_pot_N_259";"IF";"NULL";1000.0;0.0;0.0;100.0;0.0;0.0;0.0;0.0;0.0;0.0
342;2021;"Test";"Test_pot";"Test_pot_N_260";"IF";"NULL";1000.0;0.0;0.0;100.0;0.0;0.0;0.0;0.0;0.0;0.0
343;2021;"Test";"Test_pot";"Test_pot_N_261";"IF";"NULL";1000.0;0.0;0.0;100.0;0.0;0.0;0.0;0.0;0.0;0.0
344;2021;"Test";"Test_pot";"Test_pot_N_262";"IF";"NULL";1000.0;0.0;0.0;100.0;0.0;0.0;0.0;0.0;0.0;0.0
345;2021;"Test";"Test_pot";"Test_pot_N_263";"IF";"NULL";1000.0;0.0;0.0;100.0;0.0;0.0;0.0;0.0;0.0;0.0
346;2021;"Test";"Test_pot";"Test_pot_N_264";"IF";"NULL";1000.0;0.0;0.0;100.0;0.0;0.0;0.0;0.0;0.0;0.0
347;2021;"Test";"Test_pot";"Test_pot_N_265";"IF";"NULL";1000.0;0.0;0.0;100.0;0.0;0.0;0.0;0.0;0.0;0.0
348;2021;"Test";"Test_pot";"Test_pot_N_266";"IF";"NULL";1000.0;0.0;0.0;100.0;0.0;0.0;0.0;0.0;0.0;0.0
349;2021;"Test";"Test_pot";"Test_pot_N_267";"IF";"NULL";1000.0;0.0;0.0;100.0;0.0;0.0;0.0;0.0;0.0;0.0
350;2021;"Test";"Test_pot";"Test_pot_N_268";"IF";"NULL";1000.0;0.0;0.0;100.0;0.0;0.0;0.0;0.0;0.0;0.0
351;2021;"Test";"Test_pot";"Test_pot_N_269";"IF";"NULL";1000.0;0.0;0.0;100.0;0.0;0.0;0.0;0.0;0.0;0.0
352;2021;"Test";"Test_pot";"Test_pot_N_270";"IF";"NULL";1000.0;0.0;0.0;100.0;0.0;0.0;0.0;0.0;0.0;0.0
353;2021;"Test";"Test_pot";"Test_pot_N_271";"IF";"NULL";1000.0;0.0;0.0;100.0;0.0;0.0;0.0;0.0;0.0;0.0
354;2021;"Test";"Test_pot";"Test_pot_N_272";"IF";"NULL";1000.0;0.0;0.0;100.0;0.0;0.0;0.0;0.0;0.0;0.0
355;2021;"Test";"Test_pot";"Test_pot_N_273";"IF";"NULL";1000.0;0.0;0.0;100.0;0.0;0.0;0.0;0.0;0.0;0.0
356;2021;"Test";"Test_pot";"Test_pot_N_274";"IF";"NULL";1000.0;0.0;0.0;100.0;0.0;0.0;0.0;0.0;0.0;0.0
357;2021;"Test";"Test_pot";"Test_pot_N_275";"IF";"NULL";1000.0;0.0;0.0;100.0;0.0;0.0;0.0;0.0;0.0;0.0
358;2021;"Test";"Test_pot";"Test_pot_N_276";"IF";"NULL";1000.0;0.0;0.0;100.0;0.0;0.0;0.0;0.0;0.0;0.0
359;2021;"Test";"Test_pot";"Test_pot_N_277";"IF";"NULL";1000.0;0.0;0.0;100.0;0.0;0.0;0.0;0.0;0.0;0.0
360;2021;"Test";"Test_pot";"Test_pot_N_278";"IF";"NULL";1000.0;0.0;0.0;100.0;0.0;0.0;0.0;0.0;0.0;0.0
361;2021;"Test";"Test_pot";"Test_pot_N_279";"IF";"NULL";1000.0;0.0;0.0;100.0;0.0;0.0;0.0;0.0;0.0;0.0
362;2021;"Test";"Test_pot";"Test_pot_N_280";"IF";"NULL";1000.0;0.0;0.0;100.0;0.0;0.0;0.0;0.0;0.0;0.0
363;2021;"Test";"Test_pot";"Test_pot_N_281";"IF";"NULL";1000.0;0.0;0.0;100.0;0.0;0.0;0.0;0.0;0.0;0.0
364;2021;"Test";"Test_pot";"Test_pot_N_282";"IF";"NULL";1000.0;0.0;0.0;100.0;0.0;0.0;0.0;0.0;0.0;0.0
365;2021;"Test";"Test_pot";"Test_pot_N_283";"IF";"NULL";1000.0;0.0;0.0;100.0;0.0;0.0;0.0;0.0;0.0;0.0
366;2021;"Test";"Test_pot";"Test_pot_N_284";"IF";"NULL";1000.0;0.0;0.0;100.0;0.0;0.0;0.0;0.0;0.0;0.0
367;2021;"Test";"Test_pot";"Test_pot_N_285";"IF";"NULL";1000.0;0.0;0.0;100.0;0.0;0.0;0.0;0.0;0.0;0.0
368;2021;"Test";"Test_pot";"Test_pot_N_286";"IF";"NULL";1000.0;0.0;0.0;100.0;0.0;0.0;0.0;0.0;0.0;0.0
369;2021;"Test";"Test_pot";"Test_pot_N_287";"IF";"NULL";1000.0;0.0;0.0;100.0;0.0;0.0;0.0;0.0;0.0;0.0
370;2021;"Test";"Test_pot";"Test_pot_N_288";"IF";"NULL";1000.0;0.0;0.0;100.0;0.0;0.0;0.0;0.0;0.0;0.0
371;2021;"Test";"Test_pot";"Test_pot_R_289";"IF";"NULL";250.0;0.0;0.0;25.0;0.0;0.0;0.0;0.0;0.0;0.0
372;2021;"Test";"Test_pot";"Test_pot_R_290";"IF";"NULL";500.0;0.0;0.0;50.0;0.0;0.0;0.0;0.0;0.0;0.0
373;2021;"Test";"Test_pot";"Test_pot_R_291";"IF";"NULL";750.0;0.0;0.0;75.0;0.0;0.0;0.0;0.0;0.0;0.0
374;2021;"Test";"Test_pot";"Test_pot_R_292";"IF";"NULL";1000.0;0.0;0.0;100.0;0.0;0.0;0.0;0.0;0.0;0.0
375;2021;"Test";"Test_pot";"Test_pot_R_293";"IF";"NULL";1000.0;0.0;0.0;100.0;0.0;0.0;0.0;0.0;0.0;0.0
376;2021;"Test";"Test_pot";"Test_pot_R_294";"IF";"NULL";1000.0;0.0;0.0;100.0;0.0;0.0;0.0;0.0;0.0;0.0
377;2021;"Test";"Test_pot";"Test_pot_R_295";"IF";"NULL";1000.0;0.0;0.0;100.0;0.0;0.0;0.0;0.0;0.0;0.0
378;2021;"Test";"Test_pot";"Test_pot_R_296";"IF";"NULL";1000.0;0.0;0.0;100.0;0.0;0.0;0.0;0.0;0.0;0.0
379;2021;"Test";"Test_pot";"Test_pot_R_297";"IF";"NULL";1000.0;0.0;0.0;100.0;0.0;0.0;0.0;0.0;0.0;0.0
380;2021;"Test";"Test_pot";"Test_pot_R_298";"IF";"NULL";1000.0;0.0;0.0;100.0;0.0;0.0;0.0;0.0;0.0;0.0
381;2021;"Test";"Test_pot";"Test_pot_R_299";"IF";"NULL";1000.0;0.0;0.0;100.0;0.0;0.0;0.0;0.0;0.0;0.0
382;2021;"Test";"Test_pot";"Test_pot_R_300";"IF";"NULL";1000.0;0.0;0.0;100.0;0.0;0.0;0.0;0.0;0.0;0.0
383;2021;"Test";"Test_pot";"Test_pot_R_301";"IF";"NULL";1000.0;0.0;0.0;100.0;0.0;0.0;0.0;0.0;0.0;0.0
384;2021;"Test";"Test_pot";"Test_pot_R_302";"IF";"NULL";1000.0;0.0;0.0;100.0;0.0;0.0;0.0;0.0;0.0;0.0
385;2021;"Test";"Test_pot";"Test_pot_R_303";"IF";"NULL";1000.0;0.0;0.0;100.0;0.0;0.0;0.0;0.0;0.0;0.0
386;2021;"Test";"Test_pot";"Test_pot_R_304";"IF";"NULL";1000.0;0.0;0.0;100.0;0.0;0.0;0.0;0.0;0.0;0.0
387;2021;"Test";"Test_pot";"Test_pot_R_305";"IF";"NULL";1000.0;0.0;0.0;100.0;0.0;0.0;0.0;0.0;0.0;0.0
388;2021;"Test";"Test_pot";"Test_pot_R_306";"IF";"NULL";1000.0;0.0;0.0;100.0;0.0;0.0;0.0;0.0;0.0;0.0
389;2021;"Test";"Test_pot";"Test_pot_R_307";"IF";"NULL";1000.0;0.0;0.0;100.0;0.0;0.0;0.0;0.0;0.0;0.0
390;2021;"Test";"Test_pot";"Test_pot_R_308";"IF";"NULL";1000.0;0.0;0.0;100.0;0.0;0.0;0.0;0.0;0.0;0.0
391;2021;"Test";"Test_pot";"Test_pot_R_309";"IF";"NULL";1000.0;0.0;0.0;100.0;0.0;0.0;0.0;0.0;0.0;0.0
392;2021;"Test";"Test_pot";"Test_pot_R_310";"IF";"NULL";1000.0;0.0;0.0;100.0;0.0;0.0;0.0;0.0;0.0;0.0
393;2021;"Test";"Test_pot";"Test_pot_R_311";"IF";"NULL";1000.0;0.0;0.0;100.0;0.0;0.0;0.0;0.0;0.0;0.0
394;2021;"Test";"Test_pot";"Test_pot_R_312";"IF";"NULL";1000.0;0.0;0.0;100.0;0.0;0.0;0.0;0.0;0.0;0.0
395;2021;"Test";"Test_pot";"Test_pot_R_313";"IF";"NULL";1000.0;0.0;0.0;100.0;0.0;0.0;0.0;0.0;0.0;0.0
396;2021;"Test";"Test_pot";"Test_pot_R_314";"IF";"NULL";1000.0;0.0;0.0;100.0;0.0;0.0;0.0;0.0;0.0;0.0
397;2021;"Test";"Test_pot";"Test_pot_R_315";"IF";"NULL";1000.0;0.0;0.0;100.0;0.0;0.0;0.0;0.0;0.0;0.0
398;2021;"Test";"Test_pot";"Test_pot_R_316";"IF";"NULL";1000.0;0.0;0.0;100.0;0.0;0.0;0.0;0.0;0.0;0.0
399;2021;"Test";"Test_pot";"Test_pot_R_317";"IF";"NULL";1000.0;0.0;0.0;100.0;0.0;0.0;0.0;0.0;0.0;0.0
400;2021;"Test";"Test_pot";"Test_pot_R_318";"IF";"NULL";1000.0;0.0;0.0;100.0;0.0;0.0;0.0;0.0;0.0;0.0
401;2021;"Test";"Test_pot";"Test_pot_R_319";"IF";"NULL";1000.0;0.0;0.0;100.0;0.0;0.0;0.0;0.0;0.0;0.0
402;2021;"Test";"Test_pot";"Test_pot_R_320";"IF";"NULL";1000.0;0.0;0.0;100.0;0.0;0.0;0.0;0.0;0.0;0.0
403;2021;"Test";"Test_pot";"Test_pot_R_321";"IF";"NULL";1000.0;0.0;0.0;100.0;0.0;0.0;0.0;0.0;0.0;0.0
404;2021;"Test";"Test_pot";"Test_pot_R_322";"IF";"NULL";1000.0;0.0;0.0;100.0;0.0;0.0;0.0;0.0;0.0;0.0
405;2021;"Test";"Test_pot";"Test_pot_R_323";"IF";"NULL";1000.0;0.0;0.0;100.0;0.0;0.0;0.0;0.0;0.0;0.0
406;2021;"Test";"Test_pot";"Test_pot_R_324";"IF";"NULL";1000.0;0.0;0.0;100.0;0.0;0.0;0.0;0.0;0.0;0.0
407;2021;"Test";"Test_pot";"Test_pot_R_325";"IF";"NULL";250.0;0.0;0.0;25.0;0.0;0.0;0.0;0.0;0.0;0.0
408;2021;"Test";"Test_pot";"Test_pot_R_326";"IF";"NULL";500.0;0.0;0.0;50.0;0.0;0.0;0.0;0.0;0.0;0.0
409;2021;"Test";"Test_pot";"Test_pot_R_327";"IF";"NULL";750.0;0.0;0.0;75.0;0.0;0.0;0.0;0.0;0.0;0.0
410;2021;"Test";"Test_pot";"Test_pot_R_328";"IF";"NULL";1000.0;0.0;0.0;100.0;0.0;0.0;0.0;0.0;0.0;0.0
411;2021;"Test";"Test_pot";"Test_pot_R_329";"IF";"NULL";1000.0;0.0;0.0;100.0;0.0;0.0;0.0;0.0;0.0;0.0
412;2021;"Test";"Test_pot";"Test_pot_R_330";"IF";"NULL";1000.0;0.0;0.0;100.0;0.0;0.0;0.0;0.0;0.0;0.0
413;2021;"Test";"Test_pot";"Test_pot_R_331";"IF";"NULL";1000.0;0.0;0.0;100.0;0.0;0.0;0.0;0.0;0.0;0.0
414;2021;"Test";"Test_pot";"Test_pot_R_332";"IF";"NULL";1000.0;0.0;0.0;100.0;0.0;0.0;0.0;0.0;0.0;0.0
415;2021;"Test";"Test_pot";"Test_pot_R_333";"IF";"NULL";1000.0;0.0;0.0;100.0;0.0;0.0;0.0;0.0;0.0;0.0
416;2021;"Test";"Test_pot";"Test_pot_R_334";"IF";"NULL";1000.0;0.0;0.0;100.0;0.0;0.0;0.0;0.0;0.0;0.0
417;2021;"Test";"Test_pot";"Test_pot_R_335";"IF";"NULL";1000.0;0.0;0.0;100.0;0.0;0.0;0.0;0.0;0.0;0.0
418;2021;"Test";"Test_pot";"Test_pot_R_336";"IF";"NULL";1000.0;0.0;0.0;100.0;0.0;0.0;0.0;0.0;0.0;0.0
419;2021;"Test";"Test_pot";"Test_pot_R_337";"IF";"NULL";1000.0;0.0;0.0;100.0;0.0;0.0;0.0;0.0;0.0;0.0
420;2021;"Test";"Test_pot";"Test_pot_R_338";"IF";"NULL";1000.0;0.0;0.0;100.0;0.0;0.0;0.0;0.0;0.0;0.0
421;2021;"Test";"Test_pot";"Test_pot_R_339";"IF";"NULL";1000.0;0.0;0.0;100.0;0.0;0.0;0.0;0.0;0.0;0.0
422;2021;"Test";"Test_pot";"Test_pot_R_340";"IF";"NULL";1000.0;0.0;0.0;100.0;0.0;0.0;0.0;0.0;0.0;0.0
423;2021;"Test";"Test_pot";"Test_pot_R_341";"IF";"NULL";1000.0;0.0;0.0;100.0;0.0;0.0;0.0;0.0;0.0;0.0
424;2021;"Test";"Test_pot";"Test_pot_R_342";"IF";"NULL";1000.0;0.0;0.0;100.0;0.0;0.0;0.0;0.0;0.0;0.0
425;2021;"Test";"Test_pot";"Test_pot_R_343";"IF";"NULL";1000.0;0.0;0.0;100.0;0.0;0.0;0.0;0.0;0.0;0.0
426;2021;"Test";"Test_pot";"Test_pot_R_344";"IF";"NULL";1000.0;0.0;0.0;100.0;0.0;0.0;0.0;0.0;0.0;0.0
427;2021;"Test";"Test_pot";"Test_pot_R_345";"IF";"NULL";1000.0;0.0;0.0;100.0;0.0;0.0;0.0;0.0;0.0;0.0
428;2021;"Test";"Test_pot";"Test_pot_R_346";"IF";"NULL";1000.0;0.0;0.0;100.0;0.0;0.0;0.0;0.0;0.0;0.0
429;2021;"Test";"Test_pot";"Test_pot_R_347";"IF";"NULL";1000.0;0.0;0.0;100.0;0.0;0.0;0.0;0.0;0.0;0.0
430;2021;"Test";"Test_pot";"Test_pot_R_348";"IF";"NULL";1000.0;0.0;0.0;100.0;0.0;0.0;0.0;0.0;0.0;0.0
431;2021;"Test";"Test_pot";"Test_pot_R_349";"IF";"NULL";1000.0;0.0;0.0;100.0;0.0;0.0;0.0;0.0;0.0;0.0
432;2021;"Test";"Test_pot";"Test_pot_R_350";"IF";"NULL";1000.0;0.0;0.0;100.0;0.0;0.0;0.0;0.0;0.0;0.0
433;2021;"Test";"Test_pot";"Test_pot_R_351";"IF";"NULL";1000.0;0.0;0.0;100.0;0.0;0.0;0.0;0.0;0.0;0.0
434;2021;"Test";"Test_pot";"Test_pot_R_352";"IF";"NULL";1000.0;0.0;0.0;100.0;0.0;0.0;0.0;0.0;0.0;0.0
435;2021;"Test";"Test_pot";"Test_pot_R_353";"IF";"NULL";1000.0;0.0;0.0;100.0;0.0;0.0;0.0;0.0;0.0;0.0
436;2021;"Test";"Test_pot";"Test_pot_R_354";"IF";"NULL";1000.0;0.0;0.0;100.0;0.0;0.0;0.0;0.0;0.0;0.0
437;2021;"Test";"Test_pot";"Test_pot_R_355";"IF";"NULL";1000.0;0.0;0.0;100.0;0.0;0.0;0.0;0.0;0.0;0.0
438;2021;"Test";"Test_pot";"Test_pot_R_356";"IF";"NULL";1000.0;0.0;0.0;100.0;0.0;0.0;0.0;0.0;0.0;0.0
439;2021;"Test";"Test_pot";"Test_pot_R_357";"IF";"NULL";1000.0;0.0;0.0;100.0;0.0;0.0;0.0;0.0;0.0;0.0
440;2021;"Test";"Test_pot";"Test_pot_R_358";"IF";"NULL";1000.0;0.0;0.0;100.0;0.0;0.0;0.0;0.0;0.0;0.0
441;2021;"Test";"Test_pot";"Test_pot_R_359";"IF";"NULL";1000.0;0.0;0.0;100.0;0.0;0.0;0.0;0.0;0.0;0.0
442;2021;"Test";"Test_pot";"Test_pot_R_360";"IF";"NULL";1000.0;0.0;0.0;100.0;0.0;0.0;0.0;0.0;0.0;0.0
443;2021;"Test";"Test_pot";"Test_pot_R_361";"IF";"NULL";250.0;0.0;0.0;25.0;0.0;0.0;0.0;0.0;0.0;0.0
444;2021;"Test";"Test_pot";"Test_pot_R_362";"IF";"NULL";500.0;0.0;0.0;50.0;0.0;0.0;0.0;0.0;0.0;0.0
445;2021;"Test";"Test_pot";"Test_pot_R_363";"IF";"NULL";750.0;0.0;0.0;75.0;0.0;0.0;0.0;0.0;0.0;0.0
446;2021;"Test";"Test_pot";"Test_pot_R_364";"IF";"NULL";1000.0;0.0;0.0;100.0;0.0;0.0;0.0;0.0;0.0;0.0
447;2021;"Test";"Test_pot";"Test_pot_R_365";"IF";"NULL";1000.0;0.0;0.0;100.0;0.0;0.0;0.0;0.0;0.0;0.0
448;2021;"Test";"Test_pot";"Test_pot_R_366";"IF";"NULL";1000.0;0.0;0.0;100.0;0.0;0.0;0.0;0.0;0.0;0.0
449;2021;"Test";"Test_pot";"Test_pot_R_367";"IF";"NULL";1000.0;0.0;0.0;100.0;0.0;0.0;0.0;0.0;0.0;0.0
450;2021;"Test";"Test_pot";"Test_pot_R_368";"IF";"NULL";1000.0;0.0;0.0;100.0;0.0;0.0;0.0;0.0;0.0;0.0
451;2021;"Test";"Test_pot";"Test_pot_R_369";"IF";"NULL";1000.0;0.0;0.0;100.0;0.0;0.0;0.0;0.0;0.0;0.0
452;2021;"Test";"Test_pot";"Test_pot_R_370";"IF";"NULL";1000.0;0.0;0.0;100.0;0.0;0.0;0.0;0.0;0.0;0.0
453;2021;"Test";"Test_pot";"Test_pot_R_371";"IF";"NULL";1000.0;0.0;0.0;100.0;0.0;0.0;0.0;0.0;0.0;0.0
454;2021;"Test";"Test_pot";"Test_pot_R_372";"IF";"NULL";1000.0;0.0;0.0;100.0;0.0;0.0;0.0;0.0;0.0;0.0
455;2021;"Test";"Test_pot";"Test_pot_R_373";"IF";"NULL";1000.0;0.0;0.0;100.0;0.0;0.0;0.0;0.0;0.0;0.0
456;2021;"Test";"Test_pot";"Test_pot_R_374";"IF";"NULL";1000.0;0.0;0.0;100.0;0.0;0.0;0.0;0.0;0.0;0.0
457;2021;"Test";"Test_pot";"Test_pot_R_375";"IF";"NULL";1000.0;0.0;0.0;100.0;0.0;0.0;0.0;0.0;0.0;0.0
458;2021;"Test";"Test_pot";"Test_pot_R_376";"IF";"NULL";1000.0;0.0;0.0;100.0;0.0;0.0;0.0;0.0;0.0;0.0
459;2021;"Test";"Test_pot";"Test_pot_R_377";"IF";"NULL";1000.0;0.0;0.0;100.0;0.0;0.0;0.0;0.0;0.0;0.0
460;2021;"Test";"Test_pot";"Test_pot_R_378";"IF";"NULL";1000.0;0.0;0.0;100.0;0.0;0.0;0.0;0.0;0.0;0.0
461;2021;"Test";"Test_pot";"Test_pot_R_379";"IF";"NULL";1000.0;0.0;0.0;100.0;0.0;0.0;0.0;0.0;0.0;0.0
462;2021;"Test";"Test_pot";"Test_pot_R_380";"IF";"NULL";1000.0;0.0;0.0;100.0;0.0;0.0;0.0;0.0;0.0;0.0
463;2021;"Test";"Test_pot";"Test_pot_R_381";"IF";"NULL";1000.0;0.0;0.0;100.0;0.0;0.0;0.0;0.0;0.0;0.0
464;2021;"Test";"Test_pot";"Test_pot_R_382";"IF";"NULL";1000.0;0.0;0.0;100.0;0.0;0.0;0.0;0.0;0.0;0.0
465;2021;"Test";"Test_pot";"Test_pot_R_383";"IF";"NULL";1000.0;0.0;0.0;100.0;0.0;0.0;0.0;0.0;0.0;0.0
466;2021;"Test";"Test_pot";"Test_pot_R_384";"IF";"NULL";1000.0;0.0;0.0;100.0;0.0;0.0;0.0;0.0;0.0;0.0
467;2021;"Test";"Test_pot";"Test_pot_R_385";"IF";"NULL";1000.0;0.0;0.0;100.0;0.0;0.0;0.0;0.0;0.0;0.0
468;2021;"Test";"Test_pot";"Test_pot_R_386";"IF";"NULL";1000.0;0.0;0.0;100.0;0.0;0.0;0.0;0.0;0.0;0.0
469;2021;"Test";"Test_pot";"Test_pot_R_387";"IF";"NULL";1000.0;0.0;0.0;100.0;0.0;0.0;0.0;0.0;0.0;0.0
470;2021;"Test";"Test_pot";"Test_pot_R_388";"IF";"NULL";1000.0;0.0;0.0;100.0;0.0;0.0;0.0;0.0;0.0;0.0
471;2021;"Test";"Test_pot";"Test_pot_R_389";"IF";"NULL";1000.0;0.0;0.0;100.0;0.0;0.0;0.0;0.0;0.0;0.0
472;2021;"Test";"Test_pot";"Test_pot_R_390";"IF";"NULL";1000.0;0.0;0.0;100.0;0.0;0.0;0.0;0.0;0.0;0.0
473;2021;"Test";"Test_pot";"Test_pot_R_391";"IF";"NULL";1000.0;0.0;0.0;100.0;0.0;0.0;0.0;0.0;0.0;0.0
474;2021;"Test";"Test_pot";"Test_pot_R_392";"IF";"NULL";1000.0;0.0;0.0;100.0;0.0;0.0;0.0;0.0;0.0;0.0
475;2021;"Test";"Test_pot";"Test_pot_R_393";"IF";"NULL";1000.0;0.0;0.0;100.0;0.0;0.0;0.0;0.0;0.0;0.0
476;2021;"Test";"Test_pot";"Test_pot_R_394";"IF";"NULL";1000.0;0.0;0.0;100.0;0.0;0.0;0.0;0.0;0.0;0.0
477;2021;"Test";"Test_pot";"Test_pot_R_395";"IF";"NULL";1000.0;0.0;0.0;100.0;0.0;0.0;0.0;0.0;0.0;0.0
478;2021;"Test";"Test_pot";"Test_pot_R_396";"IF";"NULL";1000.0;0.0;0.0;100.0;0.0;0.0;0.0;0.0;0.0;0.0
479;2021;"Test";"Test_pot";"Test_pot_R_397";"IF";"NULL";250.0;0.0;0.0;25.0;0.0;0.0;0.0;0.0;0.0;0.0
480;2021;"Test";"Test_pot";"Test_pot_R_398";"IF";"NULL";500.0;0.0;0.0;50.0;0.0;0.0;0.0;0.0;0.0;0.0
481;2021;"Test";"Test_pot";"Test_pot_R_399";"IF";"NULL";750.0;0.0;0.0;75.0;0.0;0.0;0.0;0.0;0.0;0.0
482;2021;"Test";"Test_pot";"Test_pot_R_400";"IF";"NULL";1000.0;0.0;0.0;100.0;0.0;0.0;0.0;0.0;0.0;0.0
483;2021;"Test";"Test_pot";"Test_pot_R_401";"IF";"NULL";1000.0;0.0;0.0;100.0;0.0;0.0;0.0;0.0;0.0;0.0
484;2021;"Test";"Test_pot";"Test_pot_R_402";"IF";"NULL";1000.0;0.0;0.0;100.0;0.0;0.0;0.0;0.0;0.0;0.0
485;2021;"Test";"Test_pot";"Test_pot_R_403";"IF";"NULL";1000.0;0.0;0.0;100.0;0.0;0.0;0.0;0.0;0.0;0.0
486;2021;"Test";"Test_pot";"Test_pot_R_404";"IF";"NULL";1000.0;0.0;0.0;100.0;0.0;0.0;0.0;0.0;0.0;0.0
487;2021;"Test";"Test_pot";"Test_pot_R_405";"IF";"NULL";1000.0;0.0;0.0;100.0;0.0;0.0;0.0;0.0;0.0;0.0
488;2021;"Test";"Test_pot";"Test_pot_R_406";"IF";"NULL";1000.0;0.0;0.0;100.0;0.0;0.0;0.0;0.0;0.0;0.0
489;2021;"Test";"Test_pot";"Test_pot_R_407";"IF";"NULL";1000.0;0.0;0.0;100.0;0.0;0.0;0.0;0.0;0.0;0.0
490;2021;"Test";"Test_pot";"Test_pot_R_408";"IF";"NULL";1000.0;0.0;0.0;100.0;0.0;0.0;0.0;0.0;0.0;0.0
491;2021;"Test";"Test_pot";"Test_pot_R_409";"IF";"NULL";1000.0;0.0;0.0;100.0;0.0;0.0;0.0;0.0;0.0;0.0
492;2021;"Test";"Test_pot";"Test_pot_R_410";"IF";"NULL";1000.0;0.0;0.0;100.0;0.0;0.0;0.0;0.0;0.0;0.0
493;2021;"Test";"Test_pot";"Test_pot_R_411";"IF";"NULL";1000.0;0.0;0.0;100.0;0.0;0.0;0.0;0.0;0.0;0.0
494;2021;"Test";"Test_pot";"Test_pot_R_412";"IF";"NULL";1000.0;0.0;0.0;100.0;0.0;0.0;0.0;0.0;0.0;0.0
495;2021;"Test";"Test_pot";"Test_pot_R_413";"IF";"NULL";1000.0;0.0;0.0;100.0;0.0;0.0;0.0;0.0;0.0;0.0
496;2021;"Test";"Test_pot";"Test_pot_R_414";"IF";"NULL";1000.0;0.0;0.0;100.0;0.0;0.0;0.0;0.0;0.0;0.0
497;2021;"Test";"Test_pot";"Test_pot_R_415";"IF";"NULL";1000.0;0.0;0.0;100.0;0.0;0.0;0.0;0.0;0.0;0.0
498;2021;"Test";"Test_pot";"Test_pot_R_416";"IF";"NULL";1000.0;0.0;0.0;100.0;0.0;0.0;0.0;0.0;0.0;0.0
499;2021;"Test";"Test_pot";"Test_pot_R_417";"IF";"NULL";1000.0;0.0;0.0;100.0;0.0;0.0;0.0;0.0;0.0;0.0
500;2021;"Test";"Test_pot";"Test_pot_R_418";"IF";"NULL";1000.0;0.0;0.0;100.0;0.0;0.0;0.0;0.0;0.0;0.0
501;2021;"Test";"Test_pot";"Test_pot_R_419";"IF";"NULL";1000.0;0.0;0.0;100.0;0.0;0.0;0.0;0.0;0.0;0.0
502;2021;"Test";"Test_pot";"Test_pot_R_420";"IF";"NULL";1000.0;0.0;0.0;100.0;0.0;0.0;0.0;0.0;0.0;0.0
503;2021;"Test";"Test_pot";"Test_pot_R_421";"IF";"NULL";1000.0;0.0;0.0;100.0;0.0;0.0;0.0;0.0;0.0;0.0
504;2021;"Test";"Test_pot";"Test_pot_R_422";"IF";"NULL";1000.0;0.0;0.0;100.0;0.0;0.0;0.0;0.0;0.0;0.0
505;2021;"Test";"Test_pot";"Test_pot_R_423";"IF";"NULL";1000.0;0.0;0.0;100.0;0.0;0.0;0.0;0.0;0.0;0.0
506;2021;"Test";"Test_pot";"Test_pot_R_424";"IF";"NULL";1000.0;0.0;0.0;100.0;0.0;0.0;0.0;0.0;0.0;0.0
507;2021;"Test";"Test_pot";"Test_pot_R_425";"IF";"NULL";1000.0;0.0;0.0;100.0;0.0;0.0;0.0;0.0;0.0;0.0
508;2021;"Test";"Test_pot";"Test_pot_R_426";"IF";"NULL";1000.0;0.0;0.0;100.0;0.0;0.0;0.0;0.0;0.0;0.0
509;2021;"Test";"Test_pot";"Test_pot_R_427";"IF";"NULL";1000.0;0.0;0.0;100.0;0.0;0.0;0.0;0.0;0.0;0.0
510;2021;"Test";"Test_pot";"Test_pot_R_428";"IF";"NULL";1000.0;0.0;0.0;100.0;0.0;0.0;0.0;0.0;0.0;0.0
511;2021;"Test";"Test_pot";"Test_pot_R_429";"IF";"NULL";1000.0;0.0;0.0;100.0;0.0;0.0;0.0;0.0;0.0;0.0
512;2021;"Test";"Test_pot";"Test_pot_R_430";"IF";"NULL";1000.0;0.0;0.0;100.0;0.0;0.0;0.0;0.0;0.0;0.0
513;2021;"Test";"Test_pot";"Test_pot_R_431";"IF";"NULL";1000.0;0.0;0.0;100.0;0.0;0.0;0.0;0.0;0.0;0.0
514;2021;"Test";"Test_pot";"Test_pot_R_432";"IF";"NULL";1000.0;0.0;0.0;100.0;0.0;0.0;0.0;0.0;0.0;0.0
515;2021;"Test";"Test_lin";"Test_lin_O_433";"IF";"NULL";250.0;0.0;0.0;25.0;0.0;0.0;0.0;0.0;0.0;0.0
516;2021;"Test";"Test_lin";"Test_lin_O_434";"IF";"NULL";500.0;0.0;0.0;50.0;0.0;0.0;0.0;0.0;0.0;0.0
517;2021;"Test";"Test_lin";"Test_lin_O_435";"IF";"NULL";750.0;0.0;0.0;75.0;0.0;0.0;0.0;0.0;0.0;0.0
518;2021;"Test";"Test_lin";"Test_lin_O_436";"IF";"NULL";1000.0;0.0;0.0;100.0;0.0;0.0;0.0;0.0;0.0;0.0
519;2021;"Test";"Test_lin";"Test_lin_O_437";"IF";"NULL";1000.0;0.0;0.0;100.0;0.0;0.0;0.0;0.0;0.0;0.0
520;2021;"Test";"Test_lin";"Test_lin_O_438";"IF";"NULL";1000.0;0.0;0.0;100.0;0.0;0.0;0.0;0.0;0.0;0.0
521;2021;"Test";"Test_lin";"Test_lin_O_439";"IF";"NULL";1000.0;0.0;0.0;100.0;0.0;0.0;0.0;0.0;0.0;0.0
522;2021;"Test";"Test_lin";"Test_lin_O_440";"IF";"NULL";1000.0;0.0;0.0;100.0;0.0;0.0;0.0;0.0;0.0;0.0
523;2021;"Test";"Test_lin";"Test_lin_O_441";"IF";"NULL";1000.0;0.0;0.0;100.0;0.0;0.0;0.0;0.0;0.0;0.0
524;2021;"Test";"Test_lin";"Test_lin_O_442";"IF";"NULL";1000.0;0.0;0.0;100.0;0.0;0.0;0.0;0.0;0.0;0.0
525;2021;"Test";"Test_lin";"Test_lin_O_443";"IF";"NULL";1000.0;0.0;0.0;100.0;0.0;0.0;0.0;0.0;0.0;0.0
526;2021;"Test";"Test_lin";"Test_lin_O_444";"IF";"NULL";1000.0;0.0;0.0;100.0;0.0;0.0;0.0;0.0;0.0;0.0
527;2021;"Test";"Test_lin";"Test_lin_O_445";"IF";"NULL";1000.0;0.0;0.0;100.0;0.0;0.0;0.0;0.0;0.0;0.0
528;2021;"Test";"Test_lin";"Test_lin_O_446";"IF";"NULL";1000.0;0.0;0.0;100.0;0.0;0.0;0.0;0.0;0.0;0.0
529;2021;"Test";"Test_lin";"Test_lin_O_447";"IF";"NULL";1000.0;0.0;0.0;100.0;0.0;0.0;0.0;0.0;0.0;0.0
530;2021;"Test";"Test_lin";"Test_lin_O_448";"IF";"NULL";1000.0;0.0;0.0;100.0;0.0;0.0;0.0;0.0;0.0;0.0
531;2021;"Test";"Test_lin";"Test_lin_O_449";"IF";"NULL";1000.0;0.0;0.0;100.0;0.0;0.0;0.0;0.0;0.0;0.0
532;2021;"Test";"Test_lin";"Test_lin_O_450";"IF";"NULL";1000.0;0.0;0.0;100.0;0.0;0.0;0.0;0.0;0.0;0.0
533;2021;"Test";"Test_lin";"Test_lin_O_451";"IF";"NULL";1000.0;0.0;0.0;100.0;0.0;0.0;0.0;0.0;0.0;0.0
534;2021;"Test";"Test_lin";"Test_lin_O_452";"IF";"NULL";1000.0;0.0;0.0;100.0;0.0;0.0;0.0;0.0;0.0;0.0
535;2021;"Test";"Test_lin";"Test_lin_O_453";"IF";"NULL";1000.0;0.0;0.0;100.0;0.0;0.0;0.0;0.0;0.0;0.0
536;2021;"Test";"Test_lin";"Test_lin_O_454";"IF";"NULL";1000.0;0.0;0.0;100.0;0.0;0.0;0.0;0.0;0.0;0.0
537;2021;"Test";"Test_lin";"Test_lin_O_455";"IF";"NULL";1000.0;0.0;0.0;100.0;0.0;0.0;0.0;0.0;0.0;0.0
538;2021;"Test";"Test_lin";"Test_lin_O_456";"IF";"NULL";1000.0;0.0;0.0;100.0;0.0;0.0;0.0;0.0;0.0;0.0
539;2021;"Test";"Test_lin";"Test_lin_O_457";"IF";"NULL";1000.0;0.0;0.0;100.0;0.0;0.0;0.0;0.0;0.0;0.0
540;2021;"Test";"Test_lin";"Test_lin_O_458";"IF";"NULL";1000.0;0.0;0.0;100.0;0.0;0.0;0.0;0.0;0.0;0.0
541;2021;"Test";"Test_lin";"Test_lin_O_459";"IF";"NULL";1000.0;0.0;0.0;100.0;0.0;0.0;0.0;0.0;0.0;0.0
542;2021;"Test";"Test_lin";"Test_lin_O_460";"IF";"NULL";1000.0;0.0;0.0;100.0;0.0;0.0;0.0;0.0;0.0;0.0
543;2021;"Test";"Test_lin";"Test_lin_O_461";"IF";"NULL";1000.0;0.0;0.0;100.0;0.0;0.0;0.0;0.0;0.0;0.0
544;2021;"Test";"Test_lin";"Test_lin_O_462";"IF";"NULL";1000.0;0.0;0.0;100.0;0.0;0.0;0.0;0.0;0.0;0.0
545;2021;"Test";"Test_lin";"Test_lin_O_463";"IF";"NULL";1000.0;0.0;0.0;100.0;0.0;0.0;0.0;0.0;0.0;0.0
546;2021;"Test";"Test_lin";"Test_lin_O_464";"IF";"NULL";1000.0;0.0;0.0;100.0;0.0;0.0;0.0;0.0;0.0;0.0
547;2021;"Test";"Test_lin";"Test_lin_O_465";"IF";"NULL";1000.0;0.0;0.0;100.0;0.0;0.0;0.0;0.0;0.0;0.0
548;2021;"Test";"Test_lin";"Test_lin_O_466";"IF";"NULL";1000.0;0.0;0.0;100.0;0.0;0.0;0.0;0.0;0.0;0.0
549;2021;"Test";"Test_lin";"Test_lin_O_467";"IF";"NULL";1000.0;0.0;0.0;100.0;0.0;0.0;0.0;0.0;0.0;0.0
550;2021;"Test";"Test_lin";"Test_lin_O_468";"IF";"NULL";1000.0;0.0;0.0;100.0;0.0;0.0;0.0;0.0;0.0;0.0
551;2021;"Test";"Test_lin";"Test_lin_O_469";"IF";"NULL";250.0;0.0;0.0;25.0;0.0;0.0;0.0;0.0;0.0;0.0
552;2021;"Test";"Test_lin";"Test_lin_O_470";"IF";"NULL";500.0;0.0;0.0;50.0;0.0;0.0;0.0;0.0;0.0;0.0
553;2021;"Test";"Test_lin";"Test_lin_O_471";"IF";"NULL";750.0;0.0;0.0;75.0;0.0;0.0;0.0;0.0;0.0;0.0
554;2021;"Test";"Test_lin";"Test_lin_O_472";"IF";"NULL";1000.0;0.0;0.0;100.0;0.0;0.0;0.0;0.0;0.0;0.0
555;2021;"Test";"Test_lin";"Test_lin_O_473";"IF";"NULL";1000.0;0.0;0.0;100.0;0.0;0.0;0.0;0.0;0.0;0.0
556;2021;"Test";"Test_lin";"Test_lin_O_474";"IF";"NULL";1000.0;0.0;0.0;100.0;0.0;0.0;0.0;0.0;0.0;0.0
557;2021;"Test";"Test_lin";"Test_lin_O_475";"IF";"NULL";1000.0;0.0;0.0;100.0;0.0;0.0;0.0;0.0;0.0;0.0
558;2021;"Test";"Test_lin";"Test_lin_O_476";"IF";"NULL";1000.0;0.0;0.0;100.0;0.0;0.0;0.0;0.0;0.0;0.0
559;2021;"Test";"Test_lin";"Test_lin_O_477";"IF";"NULL";1000.0;0.0;0.0;100.0;0.0;0.0;0.0;0.0;0.0;0.0
560;2021;"Test";"Test_lin";"Test_lin_O_478";"IF";"NULL";1000.0;0.0;0.0;100.0;0.0;0.0;0.0;0.0;0.0;0.0
561;2021;"Test";"Test_lin";"Test_lin_O_479";"IF";"NULL";1000.0;0.0;0.0;100.0;0.0;0.0;0.0;0.0;0.0;0.0
562;2021;"Test";"Test_lin";"Test_lin_O_480";"IF";"NULL";1000.0;0.0;0.0;100.0;0.0;0.0;0.0;0.0;0.0;0.0
563;2021;"Test";"Test_lin";"Test_lin_O_481";"IF";"NULL";1000.0;0.0;0.0;100.0;0.0;0.0;0.0;0.0;0.0;0.0
564;2021;"Test";"Test_lin";"Test_lin_O_482";"IF";"NULL";1000.0;0.0;0.0;100.0;0.0;0.0;0.0;0.0;0.0;0.0
565;2021;"Test";"Test_lin";"Test_lin_O_483";"IF";"NULL";1000.0;0.0;0.0;100.0;0.0;0.0;0.0;0.0;0.0;0.0
566;2021;"Test";"Test_lin";"Test_lin_O_484";"IF";"NULL";1000.0;0.0;0.0;100.0;0.0;0.0;0.0;0.0;0.0;0.0
567;2021;"Test";"Test_lin";"Test_lin_O_485";"IF";"NULL";1000.0;0.0;0.0;100.0;0.0;0.0;0.0;0.0;0.0;0.0
568;2021;"Test";"Test_lin";"Test_lin_O_486";"IF";"NULL";1000.0;0.0;0.0;100.0;0.0;0.0;0.0;0.0;0.0;0.0
569;2021;"Test";"Test_lin";"Test_lin_O_487";"IF";"NULL";1000.0;0.0;0.0;100.0;0.0;0.0;0.0;0.0;0.0;0.0
570;2021;"Test";"Test_lin";"Test_lin_O_488";"IF";"NULL";1000.0;0.0;0.0;100.0;0.0;0.0;0.0;0.0;0.0;0.0
571;2021;"Test";"Test_lin";"Test_lin_O_489";"IF";"NULL";1000.0;0.0;0.0;100.0;0.0;0.0;0.0;0.0;0.0;0.0
572;2021;"Test";"Test_lin";"Test_lin_O_490";"IF";"NULL";1000.0;0.0;0.0;100.0;0.0;0.0;0.0;0.0;0.0;0.0
573;2021;"Test";"Test_lin";"Test_lin_O_491";"IF";"NULL";1000.0;0.0;0.0;100.0;0.0;0.0;0.0;0.0;0.0;0.0
574;2021;"Test";"Test_lin";"Test_lin_O_492";"IF";"NULL";1000.0;0.0;0.0;100.0;0.0;0.0;0.0;0.0;0.0;0.0
575;2021;"Test";"Test_lin";"Test_lin_O_493";"IF";"NULL";1000.0;0.0;0.0;100.0;0.0;0.0;0.0;0.0;0.0;0.0
576;2021;"Test";"Test_lin";"Test_lin_O_494";"IF";"NULL";1000.0;0.0;0.0;100.0;0.0;0.0;0.0;0.0;0.0;0.0
577;2021;"Test";"Test_lin";"Test_lin_O_495";"IF";"NULL";1000.0;0.0;0.0;100.0;0.0;0.0;0.0;0.0;0.0;0.0
578;2021;"Test";"Test_lin";"Test_lin_O_496";"IF";"NULL";1000.0;0.0;0.0;100.0;0.0;0.0;0.0;0.0;0.0;0.0
579;2021;"Test";"Test_lin";"Test_lin_O_497";"IF";"NULL";1000.0;0.0;0.0;100.0;0.0;0.0;0.0;0.0;0.0;0.0
580;2021;"Test";"Test_lin";"Test_lin_O_498";"IF";"NULL";1000.0;0.0;0.0;100.0;0.0;0.0;0.0;0.0;0.0;0.0
581;2021;"Test";"Test_lin";"Test_lin_O_499";"IF";"NULL";1000.0;0.0;0.0;100.0;0.0;0.0;0.0;0.0;0.0;0.0
582;2021;"Test";"Test_lin";"Test_lin_O_500";"IF";"NULL";1000.0;0.0;0.0;100.0;0.0;0.0;0.0;0.0;0.0;0.0
583;2021;"Test";"Test_lin";"Test_lin_O_501";"IF";"NULL";1000.0;0.0;0.0;100.0;0.0;0.0;0.0;0.0;0.0;0.0
584;2021;"Test";"Test_lin";"Test_lin_O_502";"IF";"NULL";1000.0;0.0;0.0;100.0;0.0;0.0;0.0;0.0;0.0;0.0
585;2021;"Test";"Test_lin";"Test_lin_O_503";"IF";"NULL";1000.0;0.0;0.0;100.0;0.0;0.0;0.0;0.0;0.0;0.0
586;2021;"Test";"Test_lin";"Test_lin_O_504";"IF";"NULL";1000.0;0.0;0.0;100.0;0.0;0.0;0.0;0.0;0.0;0.0
587;2021;"Test";"Test_lin";"Test_lin_O_505";"IF";"NULL";250.0;0.0;0.0;25.0;0.0;0.0;0.0;0.0;0.0;0.0
588;2021;"Test";"Test_lin";"Test_lin_O_506";"IF";"NULL";500.0;0.0;0.0;50.0;0.0;0.0;0.0;0.0;0.0;0.0
589;2021;"Test";"Test_lin";"Test_lin_O_507";"IF";"NULL";750.0;0.0;0.0;75.0;0.0;0.0;0.0;0.0;0.0;0.0
590;2021;"Test";"Test_lin";"Test_lin_O_508";"IF";"NULL";1000.0;0.0;0.0;100.0;0.0;0.0;0.0;0.0;0.0;0.0
591;2021;"Test";"Test_lin";"Test_lin_O_509";"IF";"NULL";1000.0;0.0;0.0;100.0;0.0;0.0;0.0;0.0;0.0;0.0
592;2021;"Test";"Test_lin";"Test_lin_O_510";"IF";"NULL";1000.0;0.0;0.0;100.0;0.0;0.0;0.0;0.0;0.0;0.0
593;2021;"Test";"Test_lin";"Test_lin_O_511";"IF";"NULL";1000.0;0.0;0.0;100.0;0.0;0.0;0.0;0.0;0.0;0.0
594;2021;"Test";"Test_lin";"Test_lin_O_512";"IF";"NULL";1000.0;0.0;0.0;100.0;0.0;0.0;0.0;0.0;0.0;0.0
595;2021;"Test";"Test_lin";"Test_lin_O_513";"IF";"NULL";1000.0;0.0;0.0;100.0;0.0;0.0;0.0;0.0;0.0;0.0
596;2021;"Test";"Test_lin";"Test_lin_O_514";"IF";"NULL";1000.0;0.0;0.0;100.0;0.0;0.0;0.0;0.0;0.0;0.0
597;2021;"Test";"Test_lin";"Test_lin_O_515";"IF";"NULL";1000.0;0.0;0.0;100.0;0.0;0.0;0.0;0.0;0.0;0.0
598;2021;"Test";"Test_lin";"Test_lin_O_516";"IF";"NULL";1000.0;0.0;0.0;100.0;0.0;0.0;0.0;0.0;0.0;0.0
599;2021;"Test";"Test_lin";"Test_lin_O_517";"IF";"NULL";1000.0;0.0;0.0;100.0;0.0;0.0;0.0;0.0;0.0;0.0
600;2021;"Test";"Test_lin";"Test_lin_O_518";"IF";"NULL";1000.0;0.0;0.0;100.0;0.0;0.0;0.0;0.0;0.0;0.0
601;2021;"Test";"Test_lin";"Test_lin_O_519";"IF";"NULL";1000.0;0.0;0.0;100.0;0.0;0.0;0.0;0.0;0.0;0.0
602;2021;"Test";"Test_lin";"Test_lin_O_520";"IF";"NULL";1000.0;0.0;0.0;100.0;0.0;0.0;0.0;0.0;0.0;0.0
603;2021;"Test";"Test_lin";"Test_lin_O_521";"IF";"NULL";1000.0;0.0;0.0;100.0;0.0;0.0;0.0;0.0;0.0;0.0
604;2021;"Test";"Test_lin";"Test_lin_O_522";"IF";"NULL";1000.0;0.0;0.0;100.0;0.0;0.0;0.0;0.0;0.0;0.0
605;2021;"Test";"Test_lin";"Test_lin_O_523";"IF";"NULL";1000.0;0.0;0.0;100.0;0.0;0.0;0.0;0.0;0.0;0.0
606;2021;"Test";"Test_lin";"Test_lin_O_524";"IF";"NULL";1000.0;0.0;0.0;100.0;0.0;0.0;0.0;0.0;0.0;0.0
607;2021;"Test";"Test_lin";"Test_lin_O_525";"IF";"NULL";1000.0;0.0;0.0;100.0;0.0;0.0;0.0;0.0;0.0;0.0
608;2021;"Test";"Test_lin";"Test_lin_O_526";"IF";"NULL";1000.0;0.0;0.0;100.0;0.0;0.0;0.0;0.0;0.0;0.0
609;2021;"Test";"Test_lin";"Test_lin_O_527";"IF";"NULL";1000.0;0.0;0.0;100.0;0.0;0.0;0.0;0.0;0.0;0.0
610;2021;"Test";"Test_lin";"Test_lin_O_528";"IF";"NULL";1000.0;0.0;0.0;100.0;0.0;0.0;0.0;0.0;0.0;0.0
611;2021;"Test";"Test_lin";"Test_lin_O_529";"IF";"NULL";1000.0;0.0;0.0;100.0;0.0;0.0;0.0;0.0;0.0;0.0
612;2021;"Test";"Test_lin";"Test_lin_O_530";"IF";"NULL";1000.0;0.0;0.0;100.0;0.0;0.0;0.0;0.0;0.0;0.0
613;2021;"Test";"Test_lin";"Test_lin_O_531";"IF";"NULL";1000.0;0.0;0.0;100.0;0.0;0.0;0.0;0.0;0.0;0.0
614;2021;"Test";"Test_lin";"Test_lin_O_532";"IF";"NULL";1000.0;0.0;0.0;100.0;0.0;0.0;0.0;0.0;0.0;0.0
615;2021;"Test";"Test_lin";"Test_lin_O_533";"IF";"NULL";1000.0;0.0;0.0;100.0;0.0;0.0;0.0;0.0;0.0;0.0
616;2021;"Test";"Test_lin";"Test_lin_O_534";"IF";"NULL";1000.0;0.0;0.0;100.0;0.0;0.0;0.0;0.0;0.0;0.0
617;2021;"Test";"Test_lin";"Test_lin_O_535";"IF";"NULL";1000.0;0.0;0.0;100.0;0.0;0.0;0.0;0.0;0.0;0.0
618;2021;"Test";"Test_lin";"Test_lin_O_536";"IF";"NULL";1000.0;0.0;0.0;100.0;0.0;0.0;0.0;0.0;0.0;0.0
619;2021;"Test";"Test_lin";"Test_lin_O_537";"IF";"NULL";1000.0;0.0;0.0;100.0;0.0;0.0;0.0;0.0;0.0;0.0
620;2021;"Test";"Test_lin";"Test_lin_O_538";"IF";"NULL";1000.0;0.0;0.0;100.0;0.0;0.0;0.0;0.0;0.0;0.0
621;2021;"Test";"Test_lin";"Test_lin_O_539";"IF";"NULL";1000.0;0.0;0.0;100.0;0.0;0.0;0.0;0.0;0.0;0.0
622;2021;"Test";"Test_lin";"Test_lin_O_540";"IF";"NULL";1000.0;0.0;0.0;100.0;0.0;0.0;0.0;0.0;0.0;0.0
623;2021;"Test";"Test_lin";"Test_lin_O_541";"IF";"NULL";250.0;0.0;0.0;25.0;0.0;0.0;0.0;0.0;0.0;0.0
624;2021;"Test";"Test_lin";"Test_lin_O_542";"IF";"NULL";500.0;0.0;0.0;50.0;0.0;0.0;0.0;0.0;0.0;0.0
625;2021;"Test";"Test_lin";"Test_lin_O_543";"IF";"NULL";750.0;0.0;0.0;75.0;0.0;0.0;0.0;0.0;0.0;0.0
626;2021;"Test";"Test_lin";"Test_lin_O_544";"IF";"NULL";1000.0;0.0;0.0;100.0;0.0;0.0;0.0;0.0;0.0;0.0
627;2021;"Test";"Test_lin";"Test_lin_O_545";"IF";"NULL";1000.0;0.0;0.0;100.0;0.0;0.0;0.0;0.0;0.0;0.0
628;2021;"Test";"Test_lin";"Test_lin_O_546";"IF";"NULL";1000.0;0.0;0.0;100.0;0.0;0.0;0.0;0.0;0.0;0.0
629;2021;"Test";"Test_lin";"Test_lin_O_547";"IF";"NULL";1000.0;0.0;0.0;100.0;0.0;0.0;0.0;0.0;0.0;0.0
630;2021;"Test";"Test_lin";"Test_lin_O_548";"IF";"NULL";1000.0;0.0;0.0;100.0;0.0;0.0;0.0;0.0;0.0;0.0
631;2021;"Test";"Test_lin";"Test_lin_O_549";"IF";"NULL";1000.0;0.0;0.0;100.0;0.0;0.0;0.0;0.0;0.0;0.0
632;2021;"Test";"Test_lin";"Test_lin_O_550";"IF";"NULL";1000.0;0.0;0.0;100.0;0.0;0.0;0.0;0.0;0.0;0.0
633;2021;"Test";"Test_lin";"Test_lin_O_551";"IF";"NULL";1000.0;0.0;0.0;100.0;0.0;0.0;0.0;0.0;0.0;0.0
634;2021;"Test";"Test_lin";"Test_lin_O_552";"IF";"NULL";1000.0;0.0;0.0;100.0;0.0;0.0;0.0;0.0;0.0;0.0
635;2021;"Test";"Test_lin";"Test_lin_O_553";"IF";"NULL";1000.0;0.0;0.0;100.0;0.0;0.0;0.0;0.0;0.0;0.0
636;2021;"Test";"Test_lin";"Test_lin_O_554";"IF";"NULL";1000.0;0.0;0.0;100.0;0.0;0.0;0.0;0.0;0.0;0.0
637;2021;"Test";"Test_lin";"Test_lin_O_555";"IF";"NULL";1000.0;0.0;0.0;100.0;0.0;0.0;0.0;0.0;0.0;0.0
638;2021;"Test";"Test_lin";"Test_lin_O_556";"IF";"NULL";1000.0;0.0;0.0;100.0;0.0;0.0;0.0;0.0;0.0;0.0
639;2021;"Test";"Test_lin";"Test_lin_O_557";"IF";"NULL";1000.0;0.0;0.0;100.0;0.0;0.0;0.0;0.0;0.0;0.0
640;2021;"Test";"Test_lin";"Test_lin_O_558";"IF";"NULL";1000.0;0.0;0.0;100.0;0.0;0.0;0.0;0.0;0.0;0.0
641;2021;"Test";"Test_lin";"Test_lin_O_559";"IF";"NULL";1000.0;0.0;0.0;100.0;0.0;0.0;0.0;0.0;0.0;0.0
642;2021;"Test";"Test_lin";"Test_lin_O_560";"IF";"NULL";1000.0;0.0;0.0;100.0;0.0;0.0;0.0;0.0;0.0;0.0
643;2021;"Test";"Test_lin";"Test_lin_O_561";"IF";"NULL";1000.0;0.0;0.0;100.0;0.0;0.0;0.0;0.0;0.0;0.0
644;2021;"Test";"Test_lin";"Test_lin_O_562";"IF";"NULL";1000.0;0.0;0.0;100.0;0.0;0.0;0.0;0.0;0.0;0.0
645;2021;"Test";"Test_lin";"Test_lin_O_563";"IF";"NULL";1000.0;0.0;0.0;100.0;0.0;0.0;0.0;0.0;0.0;0.0
646;2021;"Test";"Test_lin";"Test_lin_O_564";"IF";"NULL";1000.0;0.0;0.0;100.0;0.0;0.0;0.0;0.0;0.0;0.0
647;2021;"Test";"Test_lin";"Test_lin_O_565";"IF";"NULL";1000.0;0.0;0.0;100.0;0.0;0.0;0.0;0.0;0.0;0.0
648;2021;"Test";"Test_lin";"Test_lin_O_566";"IF";"NULL";1000.0;0.0;0.0;100.0;0.0;0.0;0.0;0.0;0.0;0.0
649;2021;"Test";"Test_lin";"Test_lin_O_567";"IF";"NULL";1000.0;0.0;0.0;100.0;0.0;0.0;0.0;0.0;0.0;0.0
650;2021;"Test";"Test_lin";"Test_lin_O_568";"IF";"NULL";1000.0;0.0;0.0;100.0;0.0;0.0;0.0;0.0;0.0;0.0
651;2021;"Test";"Test_lin";"Test_lin_O_569";"IF";"NULL";1000.0;0.0;0.0;100.0;0.0;0.0;0.0;0.0;0.0;0.0
652;2021;"Test";"Test_lin";"Test_lin_O_570";"IF";"NULL";1000.0;0.0;0.0;100.0;0.0;0.0;0.0;0.0;0.0;0.0
653;2021;"Test";"Test_lin";"Test_lin_O_571";"IF";"NULL";1000.0;0.0;0.0;100.0;0.0;0.0;0.0;0.0;0.0;0.0
654;2021;"Test";"Test_lin";"Test_lin_O_572";"IF";"NULL";1000.0;0.0;0.0;100.0;0.0;0.0;0.0;0.0;0.0;0.0
655;2021;"Test";"Test_lin";"Test_lin_O_573";"IF";"NULL";1000.0;0.0;0.0;100.0;0.0;0.0;0.0;0.0;0.0;0.0
656;2021;"Test";"Test_lin";"Test_lin_O_574";"IF";"NULL";1000.0;0.0;0.0;100.0;0.0;0.0;0.0;0.0;0.0;0.0
657;2021;"Test";"Test_lin";"Test_lin_O_575";"IF";"NULL";1000.0;0.0;0.0;100.0;0.0;0.0;0.0;0.0;0.0;0.0
658;2021;"Test";"Test_lin";"Test_lin_O_576";"IF";"NULL";1000.0;0.0;0.0;100.0;0.0;0.0;0.0;0.0;0.0;0.0
659;2021;"Test";"Test_lin";"Test_lin_N_577";"IF";"NULL";250.0;0.0;0.0;25.0;0.0;0.0;0.0;0.0;0.0;0.0
660;2021;"Test";"Test_lin";"Test_lin_N_578";"IF";"NULL";500.0;0.0;0.0;50.0;0.0;0.0;0.0;0.0;0.0;0.0
661;2021;"Test";"Test_lin";"Test_lin_N_579";"IF";"NULL";750.0;0.0;0.0;75.0;0.0;0.0;0.0;0.0;0.0;0.0
662;2021;"Test";"Test_lin";"Test_lin_N_580";"IF";"NULL";1000.0;0.0;0.0;100.0;0.0;0.0;0.0;0.0;0.0;0.0
663;2021;"Test";"Test_lin";"Test_lin_N_581";"IF";"NULL";1000.0;0.0;0.0;100.0;0.0;0.0;0.0;0.0;0.0;0.0
664;2021;"Test";"Test_lin";"Test_lin_N_582";"IF";"NULL";1000.0;0.0;0.0;100.0;0.0;0.0;0.0;0.0;0.0;0.0
665;2021;"Test";"Test_lin";"Test_lin_N_583";"IF";"NULL";1000.0;0.0;0.0;100.0;0.0;0.0;0.0;0.0;0.0;0.0
666;2021;"Test";"Test_lin";"Test_lin_N_584";"IF";"NULL";1000.0;0.0;0.0;100.0;0.0;0.0;0.0;0.0;0.0;0.0
667;2021;"Test";"Test_lin";"Test_lin_N_585";"IF";"NULL";1000.0;0.0;0.0;100.0;0.0;0.0;0.0;0.0;0.0;0.0
668;2021;"Test";"Test_lin";"Test_lin_N_586";"IF";"NULL";1000.0;0.0;0.0;100.0;0.0;0.0;0.0;0.0;0.0;0.0
669;2021;"Test";"Test_lin";"Test_lin_N_587";"IF";"NULL";1000.0;0.0;0.0;100.0;0.0;0.0;0.0;0.0;0.0;0.0
670;2021;"Test";"Test_lin";"Test_lin_N_588";"IF";"NULL";1000.0;0.0;0.0;100.0;0.0;0.0;0.0;0.0;0.0;0.0
671;2021;"Test";"Test_lin";"Test_lin_N_589";"IF";"NULL";1000.0;0.0;0.0;100.0;0.0;0.0;0.0;0.0;0.0;0.0
672;2021;"Test";"Test_lin";"Test_lin_N_590";"IF";"NULL";1000.0;0.0;0.0;100.0;0.0;0.0;0.0;0.0;0.0;0.0
673;2021;"Test";"Test_lin";"Test_lin_N_591";"IF";"NULL";1000.0;0.0;0.0;100.0;0.0;0.0;0.0;0.0;0.0;0.0
674;2021;"Test";"Test_lin";"Test_lin_N_592";"IF";"NULL";1000.0;0.0;0.0;100.0;0.0;0.0;0.0;0.0;0.0;0.0
675;2021;"Test";"Test_lin";"Test_lin_N_593";"IF";"NULL";1000.0;0.0;0.0;100.0;0.0;0.0;0.0;0.0;0.0;0.0
676;2021;"Test";"Test_lin";"Test_lin_N_594";"IF";"NULL";1000.0;0.0;0.0;100.0;0.0;0.0;0.0;0.0;0.0;0.0
677;2021;"Test";"Test_lin";"Test_lin_N_595";"IF";"NULL";1000.0;0.0;0.0;100.0;0.0;0.0;0.0;0.0;0.0;0.0
678;2021;"Test";"Test_lin";"Test_lin_N_596";"IF";"NULL";1000.0;0.0;0.0;100.0;0.0;0.0;0.0;0.0;0.0;0.0
679;2021;"Test";"Test_lin";"Test_lin_N_597";"IF";"NULL";1000.0;0.0;0.0;100.0;0.0;0.0;0.0;0.0;0.0;0.0
680;2021;"Test";"Test_lin";"Test_lin_N_598";"IF";"NULL";1000.0;0.0;0.0;100.0;0.0;0.0;0.0;0.0;0.0;0.0
681;2021;"Test";"Test_lin";"Test_lin_N_599";"IF";"NULL";1000.0;0.0;0.0;100.0;0.0;0.0;0.0;0.0;0.0;0.0
682;2021;"Test";"Test_lin";"Test_lin_N_600";"IF";"NULL";1000.0;0.0;0.0;100.0;0.0;0.0;0.0;0.0;0.0;0.0
683;2021;"Test";"Test_lin";"Test_lin_N_601";"IF";"NULL";1000.0;0.0;0.0;100.0;0.0;0.0;0.0;0.0;0.0;0.0
684;2021;"Test";"Test_lin";"Test_lin_N_602";"IF";"NULL";1000.0;0.0;0.0;100.0;0.0;0.0;0.0;0.0;0.0;0.0
685;2021;"Test";"Test_lin";"Test_lin_N_603";"IF";"NULL";1000.0;0.0;0.0;100.0;0.0;0.0;0.0;0.0;0.0;0.0
686;2021;"Test";"Test_lin";"Test_lin_N_604";"IF";"NULL";1000.0;0.0;0.0;100.0;0.0;0.0;0.0;0.0;0.0;0.0
687;2021;"Test";"Test_lin";"Test_lin_N_605";"IF";"NULL";1000.0;0.0;0.0;100.0;0.0;0.0;0.0;0.0;0.0;0.0
688;2021;"Test";"Test_lin";"Test_lin_N_606";"IF";"NULL";1000.0;0.0;0.0;100.0;0.0;0.0;0.0;0.0;0.0;0.0
689;2021;"Test";"Test_lin";"Test_lin_N_607";"IF";"NULL";1000.0;0.0;0.0;100.0;0.0;0.0;0.0;0.0;0.0;0.0
690;2021;"Test";"Test_lin";"Test_lin_N_608";"IF";"NULL";1000.0;0.0;0.0;100.0;0.0;0.0;0.0;0.0;0.0;0.0
691;2021;"Test";"Test_lin";"Test_lin_N_609";"IF";"NULL";1000.0;0.0;0.0;100.0;0.0;0.0;0.0;0.0;0.0;0.0
692;2021;"Test";"Test_lin";"Test_lin_N_610";"IF";"NULL";1000.0;0.0;0.0;100.0;0.0;0.0;0.0;0.0;0.0;0.0
693;2021;"Test";"Test_lin";"Test_lin_N_611";"IF";"NULL";1000.0;0.0;0.0;100.0;0.0;0.0;0.0;0.0;0.0;0.0
694;2021;"Test";"Test_lin";"Test_lin_N_612";"IF";"NULL";1000.0;0.0;0.0;100.0;0.0;0.0;0.0;0.0;0.0;0.0
695;2021;"Test";"Test_lin";"Test_lin_N_613";"IF";"NULL";250.0;0.0;0.0;25.0;0.0;0.0;0.0;0.0;0.0;0.0
696;2021;"Test";"Test_lin";"Test_lin_N_614";"IF";"NULL";500.0;0.0;0.0;50.0;0.0;0.0;0.0;0.0;0.0;0.0
697;2021;"Test";"Test_lin";"Test_lin_N_615";"IF";"NULL";750.0;0.0;0.0;75.0;0.0;0.0;0.0;0.0;0.0;0.0
698;2021;"Test";"Test_lin";"Test_lin_N_616";"IF";"NULL";1000.0;0.0;0.0;100.0;0.0;0.0;0.0;0.0;0.0;0.0
699;2021;"Test";"Test_lin";"Test_lin_N_617";"IF";"NULL";1000.0;0.0;0.0;100.0;0.0;0.0;0.0;0.0;0.0;0.0
700;2021;"Test";"Test_lin";"Test_lin_N_618";"IF";"NULL";1000.0;0.0;0.0;100.0;0.0;0.0;0.0;0.0;0.0;0.0
701;2021;"Test";"Test_lin";"Test_lin_N_619";"IF";"NULL";1000.0;0.0;0.0;100.0;0.0;0.0;0.0;0.0;0.0;0.0
702;2021;"Test";"Test_lin";"Test_lin_N_620";"IF";"NULL";1000.0;0.0;0.0;100.0;0.0;0.0;0.0;0.0;0.0;0.0
703;2021;"Test";"Test_lin";"Test_lin_N_621";"IF";"NULL";1000.0;0.0;0.0;100.0;0.0;0.0;0.0;0.0;0.0;0.0
704;2021;"Test";"Test_lin";"Test_lin_N_622";"IF";"NULL";1000.0;0.0;0.0;100.0;0.0;0.0;0.0;0.0;0.0;0.0
705;2021;"Test";"Test_lin";"Test_lin_N_623";"IF";"NULL";1000.0;0.0;0.0;100.0;0.0;0.0;0.0;0.0;0.0;0.0
706;2021;"Test";"Test_lin";"Test_lin_N_624";"IF";"NULL";1000.0;0.0;0.0;100.0;0.0;0.0;0.0;0.0;0.0;0.0
707;2021;"Test";"Test_lin";"Test_lin_N_625";"IF";"NULL";1000.0;0.0;0.0;100.0;0.0;0.0;0.0;0.0;0.0;0.0
708;2021;"Test";"Test_lin";"Test_lin_N_626";"IF";"NULL";1000.0;0.0;0.0;100.0;0.0;0.0;0.0;0.0;0.0;0.0
709;2021;"Test";"Test_lin";"Test_lin_N_627";"IF";"NULL";1000.0;0.0;0.0;100.0;0.0;0.0;0.0;0.0;0.0;0.0
710;2021;"Test";"Test_lin";"Test_lin_N_628";"IF";"NULL";1000.0;0.0;0.0;100.0;0.0;0.0;0.0;0.0;0.0;0.0
711;2021;"Test";"Test_lin";"Test_lin_N_629";"IF";"NULL";1000.0;0.0;0.0;100.0;0.0;0.0;0.0;0.0;0.0;0.0
712;2021;"Test";"Test_lin";"Test_lin_N_630";"IF";"NULL";1000.0;0.0;0.0;100.0;0.0;0.0;0.0;0.0;0.0;0.0
713;2021;"Test";"Test_lin";"Test_lin_N_631";"IF";"NULL";1000.0;0.0;0.0;100.0;0.0;0.0;0.0;0.0;0.0;0.0
714;2021;"Test";"Test_lin";"Test_lin_N_632";"IF";"NULL";1000.0;0.0;0.0;100.0;0.0;0.0;0.0;0.0;0.0;0.0
715;2021;"Test";"Test_lin";"Test_lin_N_633";"IF";"NULL";1000.0;0.0;0.0;100.0;0.0;0.0;0.0;0.0;0.0;0.0
716;2021;"Test";"Test_lin";"Test_lin_N_634";"IF";"NULL";1000.0;0.0;0.0;100.0;0.0;0.0;0.0;0.0;0.0;0.0
717;2021;"Test";"Test_lin";"Test_lin_N_635";"IF";"NULL";1000.0;0.0;0.0;100.0;0.0;0.0;0.0;0.0;0.0;0.0
718;2021;"Test";"Test_lin";"Test_lin_N_636";"IF";"NULL";1000.0;0.0;0.0;100.0;0.0;0.0;0.0;0.0;0.0;0.0
719;2021;"Test";"Test_lin";"Test_lin_N_637";"IF";"NULL";1000.0;0.0;0.0;100.0;0.0;0.0;0.0;0.0;0.0;0.0
720;2021;"Test";"Test_lin";"Test_lin_N_638";"IF";"NULL";1000.0;0.0;0.0;100.0;0.0;0.0;0.0;0.0;0.0;0.0
721;2021;"Test";"Test_lin";"Test_lin_N_639";"IF";"NULL";1000.0;0.0;0.0;100.0;0.0;0.0;0.0;0.0;0.0;0.0
722;2021;"Test";"Test_lin";"Test_lin_N_640";"IF";"NULL";1000.0;0.0;0.0;100.0;0.0;0.0;0.0;0.0;0.0;0.0
723;2021;"Test";"Test_lin";"Test_lin_N_641";"IF";"NULL";1000.0;0.0;0.0;100.0;0.0;0.0;0.0;0.0;0.0;0.0
724;2021;"Test";"Test_lin";"Test_lin_N_642";"IF";"NULL";1000.0;0.0;0.0;100.0;0.0;0.0;0.0;0.0;0.0;0.0
725;2021;"Test";"Test_lin";"Test_lin_N_643";"IF";"NULL";1000.0;0.0;0.0;100.0;0.0;0.0;0.0;0.0;0.0;0.0
726;2021;"Test";"Test_lin";"Test_lin_N_644";"IF";"NULL";1000.0;0.0;0.0;100.0;0.0;0.0;0.0;0.0;0.0;0.0
727;2021;"Test";"Test_lin";"Test_lin_N_645";"IF";"NULL";1000.0;0.0;0.0;100.0;0.0;0.0;0.0;0.0;0.0;0.0
728;2021;"Test";"Test_lin";"Test_lin_N_646";"IF";"NULL";1000.0;0.0;0.0;100.0;0.0;0.0;0.0;0.0;0.0;0.0
729;2021;"Test";"Test_lin";"Test_lin_N_647";"IF";"NULL";1000.0;0.0;0.0;100.0;0.0;0.0;0.0;0.0;0.0;0.0
730;2021;"Test";"Test_lin";"Test_lin_N_648";"IF";"NULL";1000.0;0.0;0.0;100.0;0.0;0.0;0.0;0.0;0.0;0.0
731;2021;"Test";"Test_lin";"Test_lin_N_649";"IF";"NULL";250.0;0.0;0.0;25.0;0.0;0.0;0.0;0.0;0.0;0.0
732;2021;"Test";"Test_lin";"Test_lin_N_650";"IF";"NULL";500.0;0.0;0.0;50.0;0.0;0.0;0.0;0.0;0.0;0.0
733;2021;"Test";"Test_lin";"Test_lin_N_651";"IF";"NULL";750.0;0.0;0.0;75.0;0.0;0.0;0.0;0.0;0.0;0.0
734;2021;"Test";"Test_lin";"Test_lin_N_652";"IF";"NULL";1000.0;0.0;0.0;100.0;0.0;0.0;0.0;0.0;0.0;0.0
735;2021;"Test";"Test_lin";"Test_lin_N_653";"IF";"NULL";1000.0;0.0;0.0;100.0;0.0;0.0;0.0;0.0;0.0;0.0
736;2021;"Test";"Test_lin";"Test_lin_N_654";"IF";"NULL";1000.0;0.0;0.0;100.0;0.0;0.0;0.0;0.0;0.0;0.0
737;2021;"Test";"Test_lin";"Test_lin_N_655";"IF";"NULL";1000.0;0.0;0.0;100.0;0.0;0.0;0.0;0.0;0.0;0.0
738;2021;"Test";"Test_lin";"Test_lin_N_656";"IF";"NULL";1000.0;0.0;0.0;100.0;0.0;0.0;0.0;0.0;0.0;0.0
739;2021;"Test";"Test_lin";"Test_lin_N_657";"IF";"NULL";1000.0;0.0;0.0;100.0;0.0;0.0;0.0;0.0;0.0;0.0
740;2021;"Test";"Test_lin";"Test_lin_N_658";"IF";"NULL";1000.0;0.0;0.0;100.0;0.0;0.0;0.0;0.0;0.0;0.0
741;2021;"Test";"Test_lin";"Test_lin_N_659";"IF";"NULL";1000.0;0.0;0.0;100.0;0.0;0.0;0.0;0.0;0.0;0.0
742;2021;"Test";"Test_lin";"Test_lin_N_660";"IF";"NULL";1000.0;0.0;0.0;100.0;0.0;0.0;0.0;0.0;0.0;0.0
743;2021;"Test";"Test_lin";"Test_lin_N_661";"IF";"NULL";1000.0;0.0;0.0;100.0;0.0;0.0;0.0;0.0;0.0;0.0
744;2021;"Test";"Test_lin";"Test_lin_N_662";"IF";"NULL";1000.0;0.0;0.0;100.0;0.0;0.0;0.0;0.0;0.0;0.0
745;2021;"Test";"Test_lin";"Test_lin_N_663";"IF";"NULL";1000.0;0.0;0.0;100.0;0.0;0.0;0.0;0.0;0.0;0.0
746;2021;"Test";"Test_lin";"Test_lin_N_664";"IF";"NULL";1000.0;0.0;0.0;100.0;0.0;0.0;0.0;0.0;0.0;0.0
747;2021;"Test";"Test_lin";"Test_lin_N_665";"IF";"NULL";1000.0;0.0;0.0;100.0;0.0;0.0;0.0;0.0;0.0;0.0
748;2021;"Test";"Test_lin";"Test_lin_N_666";"IF";"NULL";1000.0;0.0;0.0;100.0;0.0;0.0;0.0;0.0;0.0;0.0
749;2021;"Test";"Test_lin";"Test_lin_N_667";"IF";"NULL";1000.0;0.0;0.0;100.0;0.0;0.0;0.0;0.0;0.0;0.0
750;2021;"Test";"Test_lin";"Test_lin_N_668";"IF";"NULL";1000.0;0.0;0.0;100.0;0.0;0.0;0.0;0.0;0.0;0.0
751;2021;"Test";"Test_lin";"Test_lin_N_669";"IF";"NULL";1000.0;0.0;0.0;100.0;0.0;0.0;0.0;0.0;0.0;0.0
752;2021;"Test";"Test_lin";"Test_lin_N_670";"IF";"NULL";1000.0;0.0;0.0;100.0;0.0;0.0;0.0;0.0;0.0;0.0
753;2021;"Test";"Test_lin";"Test_lin_N_671";"IF";"NULL";1000.0;0.0;0.0;100.0;0.0;0.0;0.0;0.0;0.0;0.0
754;2021;"Test";"Test_lin";"Test_lin_N_672";"IF";"NULL";1000.0;0.0;0.0;100.0;0.0;0.0;0.0;0.0;0.0;0.0
755;2021;"Test";"Test_lin";"Test_lin_N_673";"IF";"NULL";1000.0;0.0;0.0;100.0;0.0;0.0;0.0;0.0;0.0;0.0
756;2021;"Test";"Test_lin";"Test_lin_N_674";"IF";"NULL";1000.0;0.0;0.0;100.0;0.0;0.0;0.0;0.0;0.0;0.0
757;2021;"Test";"Test_lin";"Test_lin_N_675";"IF";"NULL";1000.0;0.0;0.0;100.0;0.0;0.0;0.0;0.0;0.0;0.0
758;2021;"Test";"Test_lin";"Test_lin_N_676";"IF";"NULL";1000.0;0.0;0.0;100.0;0.0;0.0;0.0;0.0;0.0;0.0
759;2021;"Test";"Test_lin";"Test_lin_N_677";"IF";"NULL";1000.0;0.0;0.0;100.0;0.0;0.0;0.0;0.0;0.0;0.0
760;2021;"Test";"Test_lin";"Test_lin_N_678";"IF";"NULL";1000.0;0.0;0.0;100.0;0.0;0.0;0.0;0.0;0.0;0.0
761;2021;"Test";"Test_lin";"Test_lin_N_679";"IF";"NULL";1000.0;0.0;0.0;100.0;0.0;0.0;0.0;0.0;0.0;0.0
762;2021;"Test";"Test_lin";"Test_lin_N_680";"IF";"NULL";1000.0;0.0;0.0;100.0;0.0;0.0;0.0;0.0;0.0;0.0
763;2021;"Test";"Test_lin";"Test_lin_N_681";"IF";"NULL";1000.0;0.0;0.0;100.0;0.0;0.0;0.0;0.0;0.0;0.0
764;2021;"Test";"Test_lin";"Test_lin_N_682";"IF";"NULL";1000.0;0.0;0.0;100.0;0.0;0.0;0.0;0.0;0.0;0.0
765;2021;"Test";"Test_lin";"Test_lin_N_683";"IF";"NULL";1000.0;0.0;0.0;100.0;0.0;0.0;0.0;0.0;0.0;0.0
766;2021;"Test";"Test_lin";"Test_lin_N_684";"IF";"NULL";1000.0;0.0;0.0;100.0;0.0;0.0;0.0;0.0;0.0;0.0
767;2021;"Test";"Test_lin";"Test_lin_N_685";"IF";"NULL";250.0;0.0;0.0;25.0;0.0;0.0;0.0;0.0;0.0;0.0
768;2021;"Test";"Test_lin";"Test_lin_N_686";"IF";"NULL";500.0;0.0;0.0;50.0;0.0;0.0;0.0;0.0;0.0;0.0
769;2021;"Test";"Test_lin";"Test_lin_N_687";"IF";"NULL";750.0;0.0;0.0;75.0;0.0;0.0;0.0;0.0;0.0;0.0
770;2021;"Test";"Test_lin";"Test_lin_N_688";"IF";"NULL";1000.0;0.0;0.0;100.0;0.0;0.0;0.0;0.0;0.0;0.0
771;2021;"Test";"Test_lin";"Test_lin_N_689";"IF";"NULL";1000.0;0.0;0.0;100.0;0.0;0.0;0.0;0.0;0.0;0.0
772;2021;"Test";"Test_lin";"Test_lin_N_690";"IF";"NULL";1000.0;0.0;0.0;100.0;0.0;0.0;0.0;0.0;0.0;0.0
773;2021;"Test";"Test_lin";"Test_lin_N_691";"IF";"NULL";1000.0;0.0;0.0;100.0;0.0;0.0;0.0;0.0;0.0;0.0
774;2021;"Test";"Test_lin";"Test_lin_N_692";"IF";"NULL";1000.0;0.0;0.0;100.0;0.0;0.0;0.0;0.0;0.0;0.0
775;2021;"Test";"Test_lin";"Test_lin_N_693";"IF";"NULL";1000.0;0.0;0.0;100.0;0.0;0.0;0.0;0.0;0.0;0.0
776;2021;"Test";"Test_lin";"Test_lin_N_694";"IF";"NULL";1000.0;0.0;0.0;100.0;0.0;0.0;0.0;0.0;0.0;0.0
777;2021;"Test";"Test_lin";"Test_lin_N_695";"IF";"NULL";1000.0;0.0;0.0;100.0;0.0;0.0;0.0;0.0;0.0;0.0
778;2021;"Test";"Test_lin";"Test_lin_N_696";"IF";"NULL";1000.0;0.0;0.0;100.0;0.0;0.0;0.0;0.0;0.0;0.0
779;2021;"Test";"Test_lin";"Test_lin_N_697";"IF";"NULL";1000.0;0.0;0.0;100.0;0.0;0.0;0.0;0.0;0.0;0.0
780;2021;"Test";"Test_lin";"Test_lin_N_698";"IF";"NULL";1000.0;0.0;0.0;100.0;0.0;0.0;0.0;0.0;0.0;0.0
781;2021;"Test";"Test_lin";"Test_lin_N_699";"IF";"NULL";1000.0;0.0;0.0;100.0;0.0;0.0;0.0;0.0;0.0;0.0
782;2021;"Test";"Test_lin";"Test_lin_N_700";"IF";"NULL";1000.0;0.0;0.0;100.0;0.0;0.0;0.0;0.0;0.0;0.0
783;2021;"Test";"Test_lin";"Test_lin_N_701";"IF";"NULL";1000.0;0.0;0.0;100.0;0.0;0.0;0.0;0.0;0.0;0.0
784;2021;"Test";"Test_lin";"Test_lin_N_702";"IF";"NULL";1000.0;0.0;0.0;100.0;0.0;0.0;0.0;0.0;0.0;0.0
785;2021;"Test";"Test_lin";"Test_lin_N_703";"IF";"NULL";1000.0;0.0;0.0;100.0;0.0;0.0;0.0;0.0;0.0;0.0
786;2021;"Test";"Test_lin";"Test_lin_N_704";"IF";"NULL";1000.0;0.0;0.0;100.0;0.0;0.0;0.0;0.0;0.0;0.0
787;2021;"Test";"Test_lin";"Test_lin_N_705";"IF";"NULL";1000.0;0.0;0.0;100.0;0.0;0.0;0.0;0.0;0.0;0.0
788;2021;"Test";"Test_lin";"Test_lin_N_706";"IF";"NULL";1000.0;0.0;0.0;100.0;0.0;0.0;0.0;0.0;0.0;0.0
789;2021;"Test";"Test_lin";"Test_lin_N_707";"IF";"NULL";1000.0;0.0;0.0;100.0;0.0;0.0;0.0;0.0;0.0;0.0
790;2021;"Test";"Test_lin";"Test_lin_N_708";"IF";"NULL";1000.0;0.0;0.0;100.0;0.0;0.0;0.0;0.0;0.0;0.0
791;2021;"Test";"Test_lin";"Test_lin_N_709";"IF";"NULL";1000.0;0.0;0.0;100.0;0.0;0.0;0.0;0.0;0.0;0.0
792;2021;"Test";"Test_lin";"Test_lin_N_710";"IF";"NULL";1000.0;0.0;0.0;100.0;0.0;0.0;0.0;0.0;0.0;0.0
793;2021;"Test";"Test_lin";"Test_lin_N_711";"IF";"NULL";1000.0;0.0;0.0;100.0;0.0;0.0;0.0;0.0;0.0;0.0
794;2021;"Test";"Test_lin";"Test_lin_N_712";"IF";"NULL";1000.0;0.0;0.0;100.0;0.0;0.0;0.0;0.0;0.0;0.0
795;2021;"Test";"Test_lin";"Test_lin_N_713";"IF";"NULL";1000.0;0.0;0.0;100.0;0.0;0.0;0.0;0.0;0.0;0.0
796;2021;"Test";"Test_lin";"Test_lin_N_714";"IF";"NULL";1000.0;0.0;0.0;100.0;0.0;0.0;0.0;0.0;0.0;0.0
797;2021;"Test";"Test_lin";"Test_lin_N_715";"IF";"NULL";1000.0;0.0;0.0;100.0;0.0;0.0;0.0;0.0;0.0;0.0
798;2021;"Test";"Test_lin";"Test_lin_N_716";"IF";"NULL";1000.0;0.0;0.0;100.0;0.0;0.0;0.0;0.0;0.0;0.0
799;2021;"Test";"Test_lin";"Test_lin_N_717";"IF";"NULL";1000.0;0.0;0.0;100.0;0.0;0.0;0.0;0.0;0.0;0.0
800;2021;"Test";"Test_lin";"Test_lin_N_718";"IF";"NULL";1000.0;0.0;0.0;100.0;0.0;0.0;0.0;0.0;0.0;0.0
801;2021;"Test";"Test_lin";"Test_lin_N_719";"IF";"NULL";1000.0;0.0;0.0;100.0;0.0;0.0;0.0;0.0;0.0;0.0
802;2021;"Test";"Test_lin";"Test_lin_N_720";"IF";"NULL";1000.0;0.0;0.0;100.0;0.0;0.0;0.0;0.0;0.0;0.0
803;2021;"Test";"Test_lin";"Test_lin_R_721";"IF";"NULL";250.0;0.0;0.0;25.0;0.0;0.0;0.0;0.0;0.0;0.0
804;2021;"Test";"Test_lin";"Test_lin_R_722";"IF";"NULL";500.0;0.0;0.0;50.0;0.0;0.0;0.0;0.0;0.0;0.0
805;2021;"Test";"Test_lin";"Test_lin_R_723";"IF";"NULL";750.0;0.0;0.0;75.0;0.0;0.0;0.0;0.0;0.0;0.0
806;2021;"Test";"Test_lin";"Test_lin_R_724";"IF";"NULL";1000.0;0.0;0.0;100.0;0.0;0.0;0.0;0.0;0.0;0.0
807;2021;"Test";"Test_lin";"Test_lin_R_725";"IF";"NULL";1000.0;0.0;0.0;100.0;0.0;0.0;0.0;0.0;0.0;0.0
808;2021;"Test";"Test_lin";"Test_lin_R_726";"IF";"NULL";1000.0;0.0;0.0;100.0;0.0;0.0;0.0;0.0;0.0;0.0
809;2021;"Test";"Test_lin";"Test_lin_R_727";"IF";"NULL";1000.0;0.0;0.0;100.0;0.0;0.0;0.0;0.0;0.0;0.0
810;2021;"Test";"Test_lin";"Test_lin_R_728";"IF";"NULL";1000.0;0.0;0.0;100.0;0.0;0.0;0.0;0.0;0.0;0.0
811;2021;"Test";"Test_lin";"Test_lin_R_729";"IF";"NULL";1000.0;0.0;0.0;100.0;0.0;0.0;0.0;0.0;0.0;0.0
812;2021;"Test";"Test_lin";"Test_lin_R_730";"IF";"NULL";1000.0;0.0;0.0;100.0;0.0;0.0;0.0;0.0;0.0;0.0
813;2021;"Test";"Test_lin";"Test_lin_R_731";"IF";"NULL";1000.0;0.0;0.0;100.0;0.0;0.0;0.0;0.0;0.0;0.0
814;2021;"Test";"Test_lin";"Test_lin_R_732";"IF";"NULL";1000.0;0.0;0.0;100.0;0.0;0.0;0.0;0.0;0.0;0.0
815;2021;"Test";"Test_lin";"Test_lin_R_733";"IF";"NULL";1000.0;0.0;0.0;100.0;0.0;0.0;0.0;0.0;0.0;0.0
816;2021;"Test";"Test_lin";"Test_lin_R_734";"IF";"NULL";1000.0;0.0;0.0;100.0;0.0;0.0;0.0;0.0;0.0;0.0
817;2021;"Test";"Test_lin";"Test_lin_R_735";"IF";"NULL";1000.0;0.0;0.0;100.0;0.0;0.0;0.0;0.0;0.0;0.0
818;2021;"Test";"Test_lin";"Test_lin_R_736";"IF";"NULL";1000.0;0.0;0.0;100.0;0.0;0.0;0.0;0.0;0.0;0.0
819;2021;"Test";"Test_lin";"Test_lin_R_737";"IF";"NULL";1000.0;0.0;0.0;100.0;0.0;0.0;0.0;0.0;0.0;0.0
820;2021;"Test";"Test_lin";"Test_lin_R_738";"IF";"NULL";1000.0;0.0;0.0;100.0;0.0;0.0;0.0;0.0;0.0;0.0
821;2021;"Test";"Test_lin";"Test_lin_R_739";"IF";"NULL";1000.0;0.0;0.0;100.0;0.0;0.0;0.0;0.0;0.0;0.0
822;2021;"Test";"Test_lin";"Test_lin_R_740";"IF";"NULL";1000.0;0.0;0.0;100.0;0.0;0.0;0.0;0.0;0.0;0.0
823;2021;"Test";"Test_lin";"Test_lin_R_741";"IF";"NULL";1000.0;0.0;0.0;100.0;0.0;0.0;0.0;0.0;0.0;0.0
824;2021;"Test";"Test_lin";"Test_lin_R_742";"IF";"NULL";1000.0;0.0;0.0;100.0;0.0;0.0;0.0;0.0;0.0;0.0
825;2021;"Test";"Test_lin";"Test_lin_R_743";"IF";"NULL";1000.0;0.0;0.0;100.0;0.0;0.0;0.0;0.0;0.0;0.0
826;2021;"Test";"Test_lin";"Test_lin_R_744";"IF";"NULL";1000.0;0.0;0.0;100.0;0.0;0.0;0.0;0.0;0.0;0.0
827;2021;"Test";"Test_lin";"Test_lin_R_745";"IF";"NULL";1000.0;0.0;0.0;100.0;0.0;0.0;0.0;0.0;0.0;0.0
828;2021;"Test";"Test_lin";"Test_lin_R_746";"IF";"NULL";1000.0;0.0;0.0;100.0;0.0;0.0;0.0;0.0;0.0;0.0
829;2021;"Test";"Test_lin";"Test_lin_R_747";"IF";"NULL";1000.0;0.0;0.0;100.0;0.0;0.0;0.0;0.0;0.0;0.0
830;2021;"Test";"Test_lin";"Test_lin_R_748";"IF";"NULL";1000.0;0.0;0.0;100.0;0.0;0.0;0.0;0.0;0.0;0.0
831;2021;"Test";"Test_lin";"Test_lin_R_749";"IF";"NULL";1000.0;0.0;0.0;100.0;0.0;0.0;0.0;0.0;0.0;0.0
832;2021;"Test";"Test_lin";"Test_lin_R_750";"IF";"NULL";1000.0;0.0;0.0;100.0;0.0;0.0;0.0;0.0;0.0;0.0
833;2021;"Test";"Test_lin";"Test_lin_R_751";"IF";"NULL";1000.0;0.0;0.0;100.0;0.0;0.0;0.0;0.0;0.0;0.0
834;2021;"Test";"Test_lin";"Test_lin_R_752";"IF";"NULL";1000.0;0.0;0.0;100.0;0.0;0.0;0.0;0.0;0.0;0.0
835;2021;"Test";"Test_lin";"Test_lin_R_753";"IF";"NULL";1000.0;0.0;0.0;100.0;0.0;0.0;0.0;0.0;0.0;0.0
836;2021;"Test";"Test_lin";"Test_lin_R_754";"IF";"NULL";1000.0;0.0;0.0;100.0;0.0;0.0;0.0;0.0;0.0;0.0
837;2021;"Test";"Test_lin";"Test_lin_R_755";"IF";"NULL";1000.0;0.0;0.0;100.0;0.0;0.0;0.0;0.0;0.0;0.0
838;2021;"Test";"Test_lin";"Test_lin_R_756";"IF";"NULL";1000.0;0.0;0.0;100.0;0.0;0.0;0.0;0.0;0.0;0.0
839;2021;"Test";"Test_lin";"Test_lin_R_757";"IF";"NULL";250.0;0.0;0.0;25.0;0.0;0.0;0.0;0.0;0.0;0.0
840;2021;"Test";"Test_lin";"Test_lin_R_758";"IF";"NULL";500.0;0.0;0.0;50.0;0.0;0.0;0.0;0.0;0.0;0.0
841;2021;"Test";"Test_lin";"Test_lin_R_759";"IF";"NULL";750.0;0.0;0.0;75.0;0.0;0.0;0.0;0.0;0.0;0.0
842;2021;"Test";"Test_lin";"Test_lin_R_760";"IF";"NULL";1000.0;0.0;0.0;100.0;0.0;0.0;0.0;0.0;0.0;0.0
843;2021;"Test";"Test_lin";"Test_lin_R_761";"IF";"NULL";1000.0;0.0;0.0;100.0;0.0;0.0;0.0;0.0;0.0;0.0
844;2021;"Test";"Test_lin";"Test_lin_R_762";"IF";"NULL";1000.0;0.0;0.0;100.0;0.0;0.0;0.0;0.0;0.0;0.0
845;2021;"Test";"Test_lin";"Test_lin_R_763";"IF";"NULL";1000.0;0.0;0.0;100.0;0.0;0.0;0.0;0.0;0.0;0.0
846;2021;"Test";"Test_lin";"Test_lin_R_764";"IF";"NULL";1000.0;0.0;0.0;100.0;0.0;0.0;0.0;0.0;0.0;0.0
847;2021;"Test";"Test_lin";"Test_lin_R_765";"IF";"NULL";1000.0;0.0;0.0;100.0;0.0;0.0;0.0;0.0;0.0;0.0
848;2021;"Test";"Test_lin";"Test_lin_R_766";"IF";"NULL";1000.0;0.0;0.0;100.0;0.0;0.0;0.0;0.0;0.0;0.0
849;2021;"Test";"Test_lin";"Test_lin_R_767";"IF";"NULL";1000.0;0.0;0.0;100.0;0.0;0.0;0.0;0.0;0.0;0.0
850;2021;"Test";"Test_lin";"Test_lin_R_768";"IF";"NULL";1000.0;0.0;0.0;100.0;0.0;0.0;0.0;0.0;0.0;0.0
851;2021;"Test";"Test_lin";"Test_lin_R_769";"IF";"NULL";1000.0;0.0;0.0;100.0;0.0;0.0;0.0;0.0;0.0;0.0
852;2021;"Test";"Test_lin";"Test_lin_R_770";"IF";"NULL";1000.0;0.0;0.0;100.0;0.0;0.0;0.0;0.0;0.0;0.0
853;2021;"Test";"Test_lin";"Test_lin_R_771";"IF";"NULL";1000.0;0.0;0.0;100.0;0.0;0.0;0.0;0.0;0.0;0.0
854;2021;"Test";"Test_lin";"Test_lin_R_772";"IF";"NULL";1000.0;0.0;0.0;100.0;0.0;0.0;0.0;0.0;0.0;0.0
855;2021;"Test";"Test_lin";"Test_lin_R_773";"IF";"NULL";1000.0;0.0;0.0;100.0;0.0;0.0;0.0;0.0;0.0;0.0
856;2021;"Test";"Test_lin";"Test_lin_R_774";"IF";"NULL";1000.0;0.0;0.0;100.0;0.0;0.0;0.0;0.0;0.0;0.0
857;2021;"Test";"Test_lin";"Test_lin_R_775";"IF";"NULL";1000.0;0.0;0.0;100.0;0.0;0.0;0.0;0.0;0.0;0.0
858;2021;"Test";"Test_lin";"Test_lin_R_776";"IF";"NULL";1000.0;0.0;0.0;100.0;0.0;0.0;0.0;0.0;0.0;0.0
859;2021;"Test";"Test_lin";"Test_lin_R_777";"IF";"NULL";1000.0;0.0;0.0;100.0;0.0;0.0;0.0;0.0;0.0;0.0
860;2021;"Test";"Test_lin";"Test_lin_R_778";"IF";"NULL";1000.0;0.0;0.0;100.0;0.0;0.0;0.0;0.0;0.0;0.0
861;2021;"Test";"Test_lin";"Test_lin_R_779";"IF";"NULL";1000.0;0.0;0.0;100.0;0.0;0.0;0.0;0.0;0.0;0.0
862;2021;"Test";"Test_lin";"Test_lin_R_780";"IF";"NULL";1000.0;0.0;0.0;100.0;0.0;0.0;0.0;0.0;0.0;0.0
863;2021;"Test";"Test_lin";"Test_lin_R_781";"IF";"NULL";1000.0;0.0;0.0;100.0;0.0;0.0;0.0;0.0;0.0;0.0
864;2021;"Test";"Test_lin";"Test_lin_R_782";"IF";"NULL";1000.0;0.0;0.0;100.0;0.0;0.0;0.0;0.0;0.0;0.0
865;2021;"Test";"Test_lin";"Test_lin_R_783";"IF";"NULL";1000.0;0.0;0.0;100.0;0.0;0.0;0.0;0.0;0.0;0.0
866;2021;"Test";"Test_lin";"Test_lin_R_784";"IF";"NULL";1000.0;0.0;0.0;100.0;0.0;0.0;0.0;0.0;0.0;0.0
867;2021;"Test";"Test_lin";"Test_lin_R_785";"IF";"NULL";1000.0;0.0;0.0;100.0;0.0;0.0;0.0;0.0;0.0;0.0
868;2021;"Test";"Test_lin";"Test_lin_R_786";"IF";"NULL";1000.0;0.0;0.0;100.0;0.0;0.0;0.0;0.0;0.0;0.0
869;2021;"Test";"Test_lin";"Test_lin_R_787";"IF";"NULL";1000.0;0.0;0.0;100.0;0.0;0.0;0.0;0.0;0.0;0.0
870;2021;"Test";"Test_lin";"Test_lin_R_788";"IF";"NULL";1000.0;0.0;0.0;100.0;0.0;0.0;0.0;0.0;0.0;0.0
871;2021;"Test";"Test_lin";"Test_lin_R_789";"IF";"NULL";1000.0;0.0;0.0;100.0;0.0;0.0;0.0;0.0;0.0;0.0
872;2021;"Test";"Test_lin";"Test_lin_R_790";"IF";"NULL";1000.0;0.0;0.0;100.0;0.0;0.0;0.0;0.0;0.0;0.0
873;2021;"Test";"Test_lin";"Test_lin_R_791";"IF";"NULL";1000.0;0.0;0.0;100.0;0.0;0.0;0.0;0.0;0.0;0.0
874;2021;"Test";"Test_lin";"Test_lin_R_792";"IF";"NULL";1000.0;0.0;0.0;100.0;0.0;0.0;0.0;0.0;0.0;0.0
875;2021;"Test";"Test_lin";"Test_lin_R_793";"IF";"NULL";250.0;0.0;0.0;25.0;0.0;0.0;0.0;0.0;0.0;0.0
876;2021;"Test";"Test_lin";"Test_lin_R_794";"IF";"NULL";500.0;0.0;0.0;50.0;0.0;0.0;0.0;0.0;0.0;0.0
877;2021;"Test";"Test_lin";"Test_lin_R_795";"IF";"NULL";750.0;0.0;0.0;75.0;0.0;0.0;0.0;0.0;0.0;0.0
878;2021;"Test";"Test_lin";"Test_lin_R_796";"IF";"NULL";1000.0;0.0;0.0;100.0;0.0;0.0;0.0;0.0;0.0;0.0
879;2021;"Test";"Test_lin";"Test_lin_R_797";"IF";"NULL";1000.0;0.0;0.0;100.0;0.0;0.0;0.0;0.0;0.0;0.0
880;2021;"Test";"Test_lin";"Test_lin_R_798";"IF";"NULL";1000.0;0.0;0.0;100.0;0.0;0.0;0.0;0.0;0.0;0.0
881;2021;"Test";"Test_lin";"Test_lin_R_799";"IF";"NULL";1000.0;0.0;0.0;100.0;0.0;0.0;0.0;0.0;0.0;0.0
882;2021;"Test";"Test_lin";"Test_lin_R_800";"IF";"NULL";1000.0;0.0;0.0;100.0;0.0;0.0;0.0;0.0;0.0;0.0
883;2021;"Test";"Test_lin";"Test_lin_R_801";"IF";"NULL";1000.0;0.0;0.0;100.0;0.0;0.0;0.0;0.0;0.0;0.0
884;2021;"Test";"Test_lin";"Test_lin_R_802";"IF";"NULL";1000.0;0.0;0.0;100.0;0.0;0.0;0.0;0.0;0.0;0.0
885;2021;"Test";"Test_lin";"Test_lin_R_803";"IF";"NULL";1000.0;0.0;0.0;100.0;0.0;0.0;0.0;0.0;0.0;0.0
886;2021;"Test";"Test_lin";"Test_lin_R_804";"IF";"NULL";1000.0;0.0;0.0;100.0;0.0;0.0;0.0;0.0;0.0;0.0
887;2021;"Test";"Test_lin";"Test_lin_R_805";"IF";"NULL";1000.0;0.0;0.0;100.0;0.0;0.0;0.0;0.0;0.0;0.0
888;2021;"Test";"Test_lin";"Test_lin_R_806";"IF";"NULL";1000.0;0.0;0.0;100.0;0.0;0.0;0.0;0.0;0.0;0.0
889;2021;"Test";"Test_lin";"Test_lin_R_807";"IF";"NULL";1000.0;0.0;0.0;100.0;0.0;0.0;0.0;0.0;0.0;0.0
890;2021;"Test";"Test_lin";"Test_lin_R_808";"IF";"NULL";1000.0;0.0;0.0;100.0;0.0;0.0;0.0;0.0;0.0;0.0
891;2021;"Test";"Test_lin";"Test_lin_R_809";"IF";"NULL";1000.0;0.0;0.0;100.0;0.0;0.0;0.0;0.0;0.0;0.0
892;2021;"Test";"Test_lin";"Test_lin_R_810";"IF";"NULL";1000.0;0.0;0.0;100.0;0.0;0.0;0.0;0.0;0.0;0.0
893;2021;"Test";"Test_lin";"Test_lin_R_811";"IF";"NULL";1000.0;0.0;0.0;100.0;0.0;0.0;0.0;0.0;0.0;0.0
894;2021;"Test";"Test_lin";"Test_lin_R_812";"IF";"NULL";1000.0;0.0;0.0;100.0;0.0;0.0;0.0;0.0;0.0;0.0
895;2021;"Test";"Test_lin";"Test_lin_R_813";"IF";"NULL";1000.0;0.0;0.0;100.0;0.0;0.0;0.0;0.0;0.0;0.0
896;2021;"Test";"Test_lin";"Test_lin_R_814";"IF";"NULL";1000.0;0.0;0.0;100.0;0.0;0.0;0.0;0.0;0.0;0.0
897;2021;"Test";"Test_lin";"Test_lin_R_815";"IF";"NULL";1000.0;0.0;0.0;100.0;0.0;0.0;0.0;0.0;0.0;0.0
898;2021;"Test";"Test_lin";"Test_lin_R_816";"IF";"NULL";1000.0;0.0;0.0;100.0;0.0;0.0;0.0;0.0;0.0;0.0
899;2021;"Test";"Test_lin";"Test_lin_R_817";"IF";"NULL";1000.0;0.0;0.0;100.0;0.0;0.0;0.0;0.0;0.0;0.0
900;2021;"Test";"Test_lin";"Test_lin_R_818";"IF";"NULL";1000.0;0.0;0.0;100.0;0.0;0.0;0.0;0.0;0.0;0.0
901;2021;"Test";"Test_lin";"Test_lin_R_819";"IF";"NULL";1000.0;0.0;0.0;100.0;0.0;0.0;0.0;0.0;0.0;0.0
902;2021;"Test";"Test_lin";"Test_lin_R_820";"IF";"NULL";1000.0;0.0;0.0;100.0;0.0;0.0;0.0;0.0;0.0;0.0
903;2021;"Test";"Test_lin";"Test_lin_R_821";"IF";"NULL";1000.0;0.0;0.0;100.0;0.0;0.0;0.0;0.0;0.0;0.0
904;2021;"Test";"Test_lin";"Test_lin_R_822";"IF";"NULL";1000.0;0.0;0.0;100.0;0.0;0.0;0.0;0.0;0.0;0.0
905;2021;"Test";"Test_lin";"Test_lin_R_823";"IF";"NULL";1000.0;0.0;0.0;100.0;0.0;0.0;0.0;0.0;0.0;0.0
906;2021;"Test";"Test_lin";"Test_lin_R_824";"IF";"NULL";1000.0;0.0;0.0;100.0;0.0;0.0;0.0;0.0;0.0;0.0
907;2021;"Test";"Test_lin";"Test_lin_R_825";"IF";"NULL";1000.0;0.0;0.0;100.0;0.0;0.0;0.0;0.0;0.0;0.0
908;2021;"Test";"Test_lin";"Test_lin_R_826";"IF";"NULL";1000.0;0.0;0.0;100.0;0.0;0.0;0.0;0.0;0.0;0.0
909;2021;"Test";"Test_lin";"Test_lin_R_827";"IF";"NULL";1000.0;0.0;0.0;100.0;0.0;0.0;0.0;0.0;0.0;0.0
910;2021;"Test";"Test_lin";"Test_lin_R_828";"IF";"NULL";1000.0;0.0;0.0;100.0;0.0;0.0;0.0;0.0;0.0;0.0
911;2021;"Test";"Test_lin";"Test_lin_R_829";"IF";"NULL";250.0;0.0;0.0;25.0;0.0;0.0;0.0;0.0;0.0;0.0
912;2021;"Test";"Test_lin";"Test_lin_R_830";"IF";"NULL";500.0;0.0;0.0;50.0;0.0;0.0;0.0;0.0;0.0;0.0
913;2021;"Test";"Test_lin";"Test_lin_R_831";"IF";"NULL";750.0;0.0;0.0;75.0;0.0;0.0;0.0;0.0;0.0;0.0
914;2021;"Test";"Test_lin";"Test_lin_R_832";"IF";"NULL";1000.0;0.0;0.0;100.0;0.0;0.0;0.0;0.0;0.0;0.0
915;2021;"Test";"Test_lin";"Test_lin_R_833";"IF";"NULL";1000.0;0.0;0.0;100.0;0.0;0.0;0.0;0.0;0.0;0.0
916;2021;"Test";"Test_lin";"Test_lin_R_834";"IF";"NULL";1000.0;0.0;0.0;100.0;0.0;0.0;0.0;0.0;0.0;0.0
917;2021;"Test";"Test_lin";"Test_lin_R_835";"IF";"NULL";1000.0;0.0;0.0;100.0;0.0;0.0;0.0;0.0;0.0;0.0
918;2021;"Test";"Test_lin";"Test_lin_R_836";"IF";"NULL";1000.0;0.0;0.0;100.0;0.0;0.0;0.0;0.0;0.0;0.0
919;2021;"Test";"Test_lin";"Test_lin_R_837";"IF";"NULL";1000.0;0.0;0.0;100.0;0.0;0.0;0.0;0.0;0.0;0.0
920;2021;"Test";"Test_lin";"Test_lin_R_838";"IF";"NULL";1000.0;0.0;0.0;100.0;0.0;0.0;0.0;0.0;0.0;0.0
921;2021;"Test";"Test_lin";"Test_lin_R_839";"IF";"NULL";1000.0;0.0;0.0;100.0;0.0;0.0;0.0;0.0;0.0;0.0
922;2021;"Test";"Test_lin";"Test_lin_R_840";"IF";"NULL";1000.0;0.0;0.0;100.0;0.0;0.0;0.0;0.0;0.0;0.0
923;2021;"Test";"Test_lin";"Test_lin_R_841";"IF";"NULL";1000.0;0.0;0.0;100.0;0.0;0.0;0.0;0.0;0.0;0.0
924;2021;"Test";"Test_lin";"Test_lin_R_842";"IF";"NULL";1000.0;0.0;0.0;100.0;0.0;0.0;0.0;0.0;0.0;0.0
925;2021;"Test";"Test_lin";"Test_lin_R_843";"IF";"NULL";1000.0;0.0;0.0;100.0;0.0;0.0;0.0;0.0;0.0;0.0
926;2021;"Test";"Test_lin";"Test_lin_R_844";"IF";"NULL";1000.0;0.0;0.0;100.0;0.0;0.0;0.0;0.0;0.0;0.0
927;2021;"Test";"Test_lin";"Test_lin_R_845";"IF";"NULL";1000.0;0.0;0.0;100.0;0.0;0.0;0.0;0.0;0.0;0.0
928;2021;"Test";"Test_lin";"Test_lin_R_846";"IF";"NULL";1000.0;0.0;0.0;100.0;0.0;0.0;0.0;0.0;0.0;0.0
929;2021;"Test";"Test_lin";"Test_lin_R_847";"IF";"NULL";1000.0;0.0;0.0;100.0;0.0;0.0;0.0;0.0;0.0;0.0
930;2021;"Test";"Test_lin";"Test_lin_R_848";"IF";"NULL";1000.0;0.0;0.0;100.0;0.0;0.0;0.0;0.0;0.0;0.0
931;2021;"Test";"Test_lin";"Test_lin_R_849";"IF";"NULL";1000.0;0.0;0.0;100.0;0.0;0.0;0.0;0.0;0.0;0.0
932;2021;"Test";"Test_lin";"Test_lin_R_850";"IF";"NULL";1000.0;0.0;0.0;100.0;0.0;0.0;0.0;0.0;0.0;0.0
933;2021;"Test";"Test_lin";"Test_lin_R_851";"IF";"NULL";1000.0;0.0;0.0;100.0;0.0;0.0;0.0;0.0;0.0;0.0
934;2021;"Test";"Test_lin";"Test_lin_R_852";"IF";"NULL";1000.0;0.0;0.0;100.0;0.0;0.0;0.0;0.0;0.0;0.0
935;2021;"Test";"Test_lin";"Test_lin_R_853";"IF";"NULL";1000.0;0.0;0.0;100.0;0.0;0.0;0.0;0.0;0.0;0.0
936;2021;"Test";"Test_lin";"Test_lin_R_854";"IF";"NULL";1000.0;0.0;0.0;100.0;0.0;0.0;0.0;0.0;0.0;0.0
937;2021;"Test";"Test_lin";"Test_lin_R_855";"IF";"NULL";1000.0;0.0;0.0;100.0;0.0;0.0;0.0;0.0;0.0;0.0
938;2021;"Test";"Test_lin";"Test_lin_R_856";"IF";"NULL";1000.0;0.0;0.0;100.0;0.0;0.0;0.0;0.0;0.0;0.0
939;2021;"Test";"Test_lin";"Test_lin_R_857";"IF";"NULL";1000.0;0.0;0.0;100.0;0.0;0.0;0.0;0.0;0.0;0.0
940;2021;"Test";"Test_lin";"Test_lin_R_858";"IF";"NULL";1000.0;0.0;0.0;100.0;0.0;0.0;0.0;0.0;0.0;0.0
941;2021;"Test";"Test_lin";"Test_lin_R_859";"IF";"NULL";1000.0;0.0;0.0;100.0;0.0;0.0;0.0;0.0;0.0;0.0
942;2021;"Test";"Test_lin";"Test_lin_R_860";"IF";"NULL";1000.0;0.0;0.0;100.0;0.0;0.0;0.0;0.0;0.0;0.0
943;2021;"Test";"Test_lin";"Test_lin_R_861";"IF";"NULL";1000.0;0.0;0.0;100.0;0.0;0.0;0.0;0.0;0.0;0.0
944;2021;"Test";"Test_lin";"Test_lin_R_862";"IF";"NULL";1000.0;0.0;0.0;100.0;0.0;0.0;0.0;0.0;0.0;0.0
945;2021;"Test";"Test_lin";"Test_lin_R_863";"IF";"NULL";1000.0;0.0;0.0;100.0;0.0;0.0;0.0;0.0;0.0;0.0
946;2021;"Test";"Test_lin";"Test_lin_R_864";"IF";"NULL";1000.0;0.0;0.0;100.0;0.0;0.0;0.0;0.0;0.0;0.0
947;2022;"Malta_PortA";"Inter_Constr_01";"Inter_Constr_01_2019";"NB";"NULL";6482743.0;0.0;0.0;637901.9112;0.0;0.0;0.0;0.0;0.0;0.0
948;2022;"Malta_PortA";"Inter_Constr_01";"Inter_Constr_01_2020";"NB";"NULL";18877896.0;0.0;0.0;1904779.7064;0.0;0.0;0.0;0.0;0.0;0.0
949;2022;"Malta_PortA";"Tech_Off_01";"Tech_Off_01_2019";"NB";"NULL";4533900.0;0.0;0.0;517317.99;0.0;0.0;0.0;0.0;0.0;0.0
950;2022;"Malta_PortA";"Tech_Off_01";"Tech_Off_01_2020";"NB";"NULL";8076916.0;0.0;0.0;604961.0084;0.0;0.0;0.0;0.0;0.0;0.0
951;2022;"Malta_PortA";"Tech_On_01";"Tech_On_01_2019";"NB";"NULL";18314350.0;0.0;0.0;1567708.36;0.0;0.0;0.0;0.0;0.0;0.0
952;2022;"Malta_PortA";"Tech_On_01";"Tech_On_01_2020";"NB";"NULL";58921825.0;0.0;0.0;4778560.0075;0.0;0.0;0.0;0.0;0.0;0.0
953;2022;"Malta_PortA";"UK_Prop_01";"UK_Prop_01_2019";"NB";"NULL";4222376.0;0.0;0.0;366924.4744;0.0;0.0;0.0;0.0;0.0;0.0
954;2022;"Malta_PortA";"UK_Prop_01";"UK_Prop_01_2020";"NB";"NULL";22561586.0;0.0;0.0;2359941.8956;0.0;0.0;0.0;0.0;0.0;0.0
955;2022;"Malta_PortA";"Pol_Risk_01";"Pol_Risk_01_2019";"NB";"NULL";132851.0;0.0;0.0;23448.2015;0.0;0.0;0.0;0.0;0.0;0.0
956;2022;"Malta_PortA";"Pol_Risk_01";"Pol_Risk_01_2020";"NB";"NULL";394731.0;0.0;0.0;78946.2;0.0;0.0;0.0;0.0;0.0;0.0
957;2022;"Malta_PortA";"Fin_lines_DO_01";"Fin_lines_DO_01_2019";"NB";"NULL";893597.0;0.0;0.0;139579.8514;0.0;0.0;0.0;0.0;0.0;0.0
958;2022;"Malta_PortA";"Fin_lines_DO_01";"Fin_lines_DO_01_2020";"NB";"NULL";10844962.0;0.0;0.0;2222132.7138;0.0;0.0;0.0;0.0;0.0;0.0
959;2022;"Malta_PortA";"Fin_lines_PI_01";"Fin_lines_PI_01_2019";"NB";"NULL";2318220.0;0.0;0.0;507922.002;0.0;0.0;0.0;0.0;0.0;0.0
960;2022;"Malta_PortA";"Fin_lines_PI_01";"Fin_lines_PI_01_2020";"NB";"NULL";8476511.0;0.0;0.0;1708016.9665;0.0;0.0;0.0;0.0;0.0;0.0
961;2022;"Malta_PortA";"Gen_Liab_01";"Gen_Liab_01_2019";"NB";"NULL";425443.0;0.0;0.0;76962.6387;0.0;0.0;0.0;0.0;0.0;0.0
962;2022;"Malta_PortA";"Gen_Liab_01";"Gen_Liab_01_2020";"NB";"NULL";3843535.0;0.0;0.0;540016.6675;0.0;0.0;0.0;0.0;0.0;0.0
963;2022;"Malta_PortA";"Aero_01";"Aero_01_2019";"NB";"NULL";4169683.0;0.0;0.0;531217.6142;0.0;0.0;0.0;0.0;0.0;0.0
964;2022;"Malta_PortA";"Aero_01";"Aero_01_2020";"NB";"NULL";30099646.0;0.0;0.0;2453121.149;0.0;0.0;0.0;0.0;0.0;0.0
965;2022;"Malta_PortA";"Airline_Ded_01";"Airline_Ded_01_2019";"NB";"NULL";6833914.0;0.0;0.0;1480225.7724;0.0;0.0;0.0;0.0;0.0;0.0
966;2022;"Malta_PortA";"Airline_Ded_01";"Airline_Ded_01_2020";"NB";"NULL";7888251.0;0.0;0.0;1441972.2828;0.0;0.0;0.0;0.0;0.0;0.0
967;2022;"Malta_PortA";"Airlines_01";"Airlines_01_2019";"NB";"NULL";9453992.0;0.0;0.0;1179858.2016;0.0;0.0;0.0;0.0;0.0;0.0
968;2022;"Malta_PortA";"Airlines_01";"Airlines_01_2020";"NB";"NULL";14680899.0;0.0;0.0;1683899.1153;0.0;0.0;0.0;0.0;0.0;0.0
969;2022;"Malta_PortA";"Aviation_War_01";"Aviation_War_01_2019";"NB";"NULL";714296.0;0.0;0.0;175359.668;0.0;0.0;0.0;0.0;0.0;0.0
970;2022;"Malta_PortA";"Aviation_War_01";"Aviation_War_01_2020";"NB";"NULL";1598360.0;0.0;0.0;326225.276;0.0;0.0;0.0;0.0;0.0;0.0
971;2022;"Malta_PortA";"Gen_Aviation_01";"Gen_Aviation_01_2019";"NB";"NULL";3193402.0;0.0;0.0;528508.031;0.0;0.0;0.0;0.0;0.0;0.0
972;2022;"Malta_PortA";"Gen_Aviation_01";"Gen_Aviation_01_2020";"NB";"NULL";13444997.0;0.0;0.0;2187501.0119;0.0;0.0;0.0;0.0;0.0;0.0
